STATE,ACTION,,,,,,,,,,,,,,,,,,,,,,,,,,,,,,,,,,,,,,,,,,GOTO
,fn,let,mut,return,if,else,while,for,in,loop,break,continue,=,+,-,*,/,==,!=,<,>,<=,>=,.,(,),{,},[,],;,",",:,->,..,<ID>,i32,<NUM>,<INT>,&,#,S,Program,DeclList,Type,TupleTypeInner,Assignable,Element,Exp,Factor,Decl,FunDef,VarDecl,VarDeclAssign,FunHead,Block,ParamList,Param,VarMut,StmtList,Stmt,AssignStmt,ReturnStmt,IfStmt,WhileStmt,ForStmt,LoopStmt,BreakStmt,ContinueStmt,VarDeclInner,abc,AddSubExp,CompOp,FuncExpStmtBlock,SelectExp,AddSubOp,MulDivExp,MulDivOp,Item,ArrayElementList,TupleAssignInner,ArgList,ArrayElement,IfStmt_m1,IfStmt_m2,IfNext,IfStmt_next,WhileStmt_m1,WhileStmt_m2,ForStmt_m1,ForStmt_m2,LoopStmt_m,FuncExpStmtSeq,Param,,TypeList,TupleElementList,
0,s11,s1,s12,,,,,,,,,,,,,,,,,,,,,,,,,,,,,,,,,s13,,,,,r12,,3,5,,,,,,,2,4,6,7,8,,,,,,,,,,,,,,,9,10,,,,,,,,,,,,,,,,,,,,,,,,,,
1,,,s15,,,,,,,,,,,,,,,,,,,,,,,,,,,,,,,,,s16,,,,,,,,,,,,,,,,,,,,,,,,,,,,,,,,,,14,,,,,,,,,,,,,,,,,,,,,,,,,,,
2,s11,s1,s12,,,,,,,,,,,,,,,,,,,,,,,,,,,,,,,,,s13,,,,,r12,,,17,,,,,,,2,4,6,7,8,,,,,,,,,,,,,,,9,10,,,,,,,,,,,,,,,,,,,,,,,,,,
3,,,,,,,,,,,,,,,,,,,,,,,,,,,,,,,,,,,,,,,,,acc,,,,,,,,,,,,,,,,,,,,,,,,,,,,,,,,,,,,,,,,,,,,,,,,,,,,,,,,
4,r14,r14,r14,,,,,,,,,,,,,,,,,,,,,,,,,,,,,,,,,r14,,,,,r14,,,,,,,,,,,,,,,,,,,,,,,,,,,,,,,,,,,,,,,,,,,,,,,,,,,,,,,,
5,,,,,,,,,,,,,,,,,,,,,,,,,,,,,,,,,,,,,,,,,r1,,,,,,,,,,,,,,,,,,,,,,,,,,,,,,,,,,,,,,,,,,,,,,,,,,,,,,,,
6,r15,r15,r15,,,,,,,,,,,,,,,,,,,,,,,,,,,,,,,,,r15,,,,,r15,,,,,,,,,,,,,,,,,,,,,,,,,,,,,,,,,,,,,,,,,,,,,,,,,,,,,,,,
7,r16,r16,r16,,,,,,,,,,,,,,,,,,,,,,,,,,,,,,,,,r16,,,,,r16,,,,,,,,,,,,,,,,,,,,,,,,,,,,,,,,,,,,,,,,,,,,,,,,,,,,,,,,
8,,,,,,,,,,,,,,,,,,,,,,,,,,,s20,,,,,,,,,,,,,,,,,,,,,,,,,,,,,18,,,,,,,,,,,,,,,,,,19,,,,,,,,,,,,,,,,,,,,,,,
9,,,,,,,,,s21,,,,,,,,,,,,,,,,,,,,,,,,,,,,,,,,,,,,,,,,,,,,,,,,,,,,,,,,,,,,,,,,,,,,,,,,,,,,,,,,,,,,,,,,
10,r46,r46,r46,,,,,,,,,,,,,,,,,,,,,,,,,,,,,,,,,r46,,,,,r46,,,,,,,,,,,,,,,,,,,,,,,,,,,,,,,,,,,,,,,,,,,,,,,,,,,,,,,,
11,,,,,,,,,,,,,,,,,,,,,,,,,,,,,,,,,,,,s22,,,,,,,,,,,,,,,,,,,,,,,,,,,,,,,,,,,,,,,,,,,,,,,,,,,,,,,,,,,,,
12,,,,,,,,,,,,,,,,,,,,,,,,,,,,,,,,,,,,s23,,,,,,,,,,,,,,,,,,,,,,,,,,,,,,,,,,,,,,,,,,,,,,,,,,,,,,,,,,,,,
13,,,,,,,,,r50,,,,,,,,,,,,,,,,,,,,,,,,,,,,,,,,,,,,,,,,,,,,,,,,,,,,,,,,,,,,,,,,,,,,,,,,,,,,,,,,,,,,,,,,
14,,,,,,,,,,,,,s26,,,,,,,,,,,,,,,,,,s24,,s25,,,,,,,,,,,,,,,,,,,,,,,,,,,,,,,,,,,,,,,,,,,,,,,,,,,,,,,,,,,,,,,,
15,,,,,,,,,,,,,,,,,,,,,,,,,,,,,,,,,,,,s27,,,,,,,,,,,,,,,,,,,,,,,,,,,,,,,,,,,,,,,,,,,,,,,,,,,,,,,,,,,,,
16,,,,,,,,,,,,,r50,,,,,,,,,,,,,,,,,,r50,,r50,,,,,,,,,,,,,,,,,,,,,,,,,,,,,,,,,,,,,,,,,,,,,,,,,,,,,,,,,,,,,,,,
17,,,,,,,,,,,,,,,,,,,,,,,,,,,,,,,,,,,,,,,,,r13,,,,,,,,,,,,,,,,,,,,,,,,,,,,,,,,,,,,,,,,,,,,,,,,,,,,,,,,
18,r17,r17,r17,,,,,,,,,,,,,,,,,,,,,,,,,,,,,,,,,r17,,,,,r17,,,,,,,,,,,,,,,,,,,,,,,,,,,,,,,,,,,,,,,,,,,,,,,,,,,,,,,,
19,r113,r113,r113,,,,,,,,,,,,,,,,,,,,,,,,,,,,,,,,,r113,,,,,r113,,,,,,,,,,,,,,,,,,,,,,,,,,,,,,,,,,,,,,,,,,,,,,,,,,,,,,,,
20,,s40,s12,s43,s53,,s46,s56,,s50,s45,s58,,,,s63,,,,,,,,,s66,,s59,r28,s68,,s33,,,,,s60,,,s65,s67,,,,,,,52,61,32,62,,,29,34,,48,,,,28,30,35,36,37,38,39,41,42,44,54,55,47,,49,51,,57,,64,,,,,,,,,,,,,,31,,,,
21,,,,,s79,,,,,s73,,,,,,s83,,,,,,,,,s86,,s78,,s85,,,,,,,s89,,,s87,s84,,,,,,,88,82,69,81,,,,,,71,,,,,,,,70,,,75,,,,,72,,76,74,,77,,80,,,,,,,,,,,,,,,,,,
22,,,,,,,,,,,,,,,,,,,,,,,,,s90,,,,,,,,,,,,,,,,,,,,,,,,,,,,,,,,,,,,,,,,,,,,,,,,,,,,,,,,,,,,,,,,,,,,,,,,
23,,,,,,,,,r49,,,,,,,,,,,,,,,,,,,,,,,,,,,,,,,,,,,,,,,,,,,,,,,,,,,,,,,,,,,,,,,,,,,,,,,,,,,,,,,,,,,,,,,,
24,r47,r47,r47,,,,,,,,,,,,,,,,,,,,,,,,,,,,,,,,,r47,,,,,r47,,,,,,,,,,,,,,,,,,,,,,,,,,,,,,,,,,,,,,,,,,,,,,,,,,,,,,,,
25,,,,,,,,,,,,,,,,,,,,,,,,,s94,,,,s92,,,,,,,,s93,,,s95,,,,,91,,,,,,,,,,,,,,,,,,,,,,,,,,,,,,,,,,,,,,,,,,,,,,,,,,,,
26,,,,,s106,,,,,s100,,,,,,s110,,,,,,,,,s113,,s105,,s112,,,,,,,s116,,,s114,s111,,,,,,,115,109,96,108,,,,,,98,,,,,,,,97,,,102,,,,,99,,103,101,,104,,107,,,,,,,,,,,,,,,,,,
27,,,,,,,,,,,,,r49,,,,,,,,,,,,,,,,,,r49,,r49,,,,,,,,,,,,,,,,,,,,,,,,,,,,,,,,,,,,,,,,,,,,,,,,,,,,,,,,,,,,,,,,
28,,,,,,,,,,,,,,,,,,,,,,,,,,,,s117,,,,,,,,,,,,,,,,,,,,,,,,,,,,,,,,,,,,,,,,,,,,,,,,,,,,,,,,,,,,,,,,,,,,,
29,,r31,r31,r31,r31,,r31,r31,,r31,r31,r31,,,,r31,,,,,,,,,r31,,r31,r31,r31,,r31,,,,,r31,,,r31,r31,,,,,,,,,,,,,,,,,,,,,,,,,,,,,,,,,,,,,,,,,,,,,,,,,,,,,,,,,
30,,s40,s12,s43,s53,,s46,s56,,s50,s45,s58,,,,s63,,,,,,,,,s66,,s59,r28,s68,,s33,,,,,s60,,,s65,s67,,,,,,,52,61,32,62,,,29,34,,48,,,,118,30,35,36,37,38,39,41,42,44,54,55,47,,49,51,,57,,64,,,,,,,,,,,,,,119,,,,
31,,,,,,,,,,,,,,,,,,,,,,,,,,,,s120,,,,,,,,,,,,,,,,,,,,,,,,,,,,,,,,,,,,,,,,,,,,,,,,,,,,,,,,,,,,,,,,,,,,,
32,,,,,,,,,,,,,,,,,,s127,s128,s124,s126,s125,s121,,,,,r111,,,s122,,,,,,,,,,,,,,,,,,,,,,,,,,,,,,,,,,,,,,,,,,123,,,,,,,,,,,,,,,,,,,,,,,,
33,,r29,r29,r29,r29,,r29,r29,,r29,r29,r29,,,,r29,,,,,,,,,r29,,r29,r29,r29,,r29,,,,,r29,,,r29,r29,,,,,,,,,,,,,,,,,,,,,,,,,,,,,,,,,,,,,,,,,,,,,,,,,,,,,,,,,
34,,r32,r32,r32,r32,,r32,r32,,r32,r32,r32,,,,r32,,,,,,,,,r32,,r32,r32,r32,,r32,,,,,r32,,,r32,r32,,,,,,,,,,,,,,,,,,,,,,,,,,,,,,,,,,,,,,,,,,,,,,,,,,,,,,,,,
35,,r30,r30,r30,r30,,r30,r30,,r30,r30,r30,,,,r30,,,,,,,,,r30,,r30,r30,r30,,r30,,,,,r30,,,r30,r30,,,,,,,,,,,,,,,,,,,,,,,,,,,,,,,,,,,,,,,,,,,,,,,,,,,,,,,,,
36,,r33,r33,r33,r33,,r33,r33,,r33,r33,r33,,,,r33,,,,,,,,,r33,,r33,r33,r33,,r33,,,,,r33,,,r33,r33,,,,,,,,,,,,,,,,,,,,,,,,,,,,,,,,,,,,,,,,,,,,,,,,,,,,,,,,,
37,,r35,r35,r35,r35,,r35,r35,,r35,r35,r35,,,,r35,,r56,r56,r56,r56,r56,r56,,r35,,r35,r56,r35,,r56,,,,,r35,,,r35,r35,,,,,,,,,,,,,,,,,,,,,,,,,,,,,,,,,,,,,,,,,,,,,,,,,,,,,,,,,
38,,r36,r36,r36,r36,,r36,r36,,r36,r36,r36,,,,r36,,,,,,,,,r36,,r36,r36,r36,,r36,,,,,r36,,,r36,r36,,,,,,,,,,,,,,,,,,,,,,,,,,,,,,,,,,,,,,,,,,,,,,,,,,,,,,,,,
39,,r37,r37,r37,r37,,r37,r37,,r37,r37,r37,,,,r37,,,,,,,,,r37,,r37,r37,r37,,r37,,,,,r37,,,r37,r37,,,,,,,,,,,,,,,,,,,,,,,,,,,,,,,,,,,,,,,,,,,,,,,,,,,,,,,,,
40,,,s15,,,,,,,,,,,,,,,,,,,,,,,,,,,,,,,,,s16,,,,,,,,,,,,,,,,,,,,,,,,,,,,,,,,,,129,,,,,,,,,,,,,,,,,,,,,,,,,,,
41,,r38,r38,r38,r38,,r38,r38,,r38,r38,r38,,,,r38,,r57,r57,r57,r57,r57,r57,,r38,,r38,r57,r38,,r57,,,,,r38,,,r38,r38,,,,,,,,,,,,,,,,,,,,,,,,,,,,,,,,,,,,,,,,,,,,,,,,,,,,,,,,,
42,,r39,r39,r39,r39,,r39,r39,,r39,r39,r39,,,,r39,,,,,,,,,r39,,r39,r39,r39,,r39,,,,,r39,,,r39,r39,,,,,,,,,,,,,,,,,,,,,,,,,,,,,,,,,,,,,,,,,,,,,,,,,,,,,,,,,
43,,,,,s106,,,,,s100,,,,,,s110,,,,,,,,,s113,,s105,,s112,,s130,,,,,s116,,,s114,s111,,,,,,,115,109,131,108,,,,,,98,,,,,,,,97,,,102,,,,,99,,103,101,,104,,107,,,,,,,,,,,,,,,,,,
44,,r40,r40,r40,r40,,r40,r40,,r40,r40,r40,,,,r40,,,,,,,,,r40,,r40,r40,r40,,r40,,,,,r40,,,r40,r40,,,,,,,,,,,,,,,,,,,,,,,,,,,,,,,,,,,,,,,,,,,,,,,,,,,,,,,,,
45,,,,,s106,,,,,s100,,,,,,s110,,,,,,,,,s113,,s105,,s112,,s133,,,,,s116,,,s114,s111,,,,,,,115,109,132,108,,,,,,98,,,,,,,,97,,,102,,,,,99,,103,101,,104,,107,,,,,,,,,,,,,,,,,,
46,,,,,r101,,,,,r101,,,,,,r101,,,,,,,,,r101,,r101,,r101,,,,,,,r101,,,r101,r101,,,,,,,,,,,,,,,,,,,,,,,,,,,,,,,,,,,,,,,,,,,,,,,,134,,,,,,,,,
47,,,,,,,,,,,,,,s136,s137,,,r53,r53,r53,r53,r53,r53,,,,,r53,,,r53,,,,,,,,,,,,,,,,,,,,,,,,,,,,,,,,,,,,,,,,,,,,,135,,,,,,,,,,,,,,,,,,,,,
48,,,,,,,,,,,,,,,,,,r55,r55,r55,r55,r55,r55,,,,,r55,,,r55,,,,,,,,,,,,,,,,,,,,,,,,,,,,,,,,,,,,,,,,,,,,,,,,,,,,,,,,,,,,,,,,,,
49,,,,,,,,,,,,,,,,,,r58,r58,r58,r58,r58,r58,,,,,r58,,,r58,,,,,,,,,,,,,,,,,,,,,,,,,,,,,,,,,,,,,,,,,,,,,,,,,,,,,,,,,,,,,,,,,,
50,,,,,,,,,,,,,,,,,,,,,,,,,,,r107,,,,,,,,,,,,,,,,,,,,,,,,,,,,,,,,,,,,,,,,,,,,,,,,,,,,,,,,,,,,,,,,,138,,,,,
51,,,,,,,,,,,,,,,,,,r59,r59,r59,r59,r59,r59,,,,,r59,,,r59,,,,,,,,,,,,,,,,,,,,,,,,,,,,,,,,,,,,,,,,,,,,,,,,,,,,,,,,,,,,,,,,,,
52,,,,,,,,,,,,,s139,r72,r72,r72,r72,r72,r72,r72,r72,r72,r72,r72,,,,r72,r72,,r72,,,,,,,,r72,,,,,,,,,,,,,,,,,,,,,,,,,,,,,,,,,,,,,,,,,,,,,,,,,,,,,,,,,,
53,,,,,r94,,,,,r94,,,,,,r94,,,,,,,,,r94,,r94,,r94,,,,,,,r94,,,r94,r94,,,,,,,160,154,141,153,,,,,,143,,,,,,,,142,,,147,,,,,144,,148,146,,149,,152,,,,,140,,,,,,,,,,,,,
54,,,,,,,,,s162,,,,,,,,,,,,,,,,,,,,,,,,,,,,,,,,,,,,,,,,,,,,,,,,,,,,,,,,,,,,,,,,,,,,,,,,,,,,,,,,,,,,,,,,
55,,r46,r46,r46,r46,,r46,r46,,r46,r46,r46,,,,r46,,,,,,,,,r46,,r46,r46,r46,,r46,,,,,r46,,,r46,r46,,,,,,,,,,,,,,,,,,,,,,,,,,,,,,,,,,,,,,,,,,,,,,,,,,,,,,,,,
56,,r104,r104,,,,,,,,,,,,,,,,,,,,,,,,,,,,,,,,,r104,,,,,,,,,,,,,,,,,,,,,,,,,,,,,,,,,,,,,,,,,,,,,,,,,,,,,,163,,,,,,,
57,,,,,,,,,,,,,,r61,r61,s165,s166,r61,r61,r61,r61,r61,r61,,,,,r61,,,r61,,,,,,,,,,,,,,,,,,,,,,,,,,,,,,,,,,,,,,,,,,,,,,,164,,,,,,,,,,,,,,,,,,,
58,,,,,,,,,,,,,,,,,,,,,,,,,,,,,,,s167,,,,,,,,,,,,,,,,,,,,,,,,,,,,,,,,,,,,,,,,,,,,,,,,,,,,,,,,,,,,,,,,,,
59,,s40,s12,s43,s53,,s46,s56,,s50,s45,s58,,,,s63,,,,,,,,,s66,,s59,r28,s68,,s33,,,,,s60,,,s65,s67,,,,,,,52,61,32,62,,,29,34,,48,,,,168,30,35,36,37,38,39,41,42,44,54,55,47,,49,51,,57,,64,,,,,,,,,,,,,,169,,,,
60,,,,,,,,,r50,,,,r7,r7,r7,r7,r7,r7,r7,r7,r7,r7,r7,r7,s170,,,r7,r7,,r7,,,,,,,,r7,,,,,,,,,,,,,,,,,,,,,,,,,,,,,,,,,,,,,,,,,,,,,,,,,,,,,,,,,,
61,,,,,,,,,,,,,,r65,r65,r65,r65,r65,r65,r65,r65,r65,r65,r65,,,,r65,s171,,r65,,,,,,,,r65,,,,,,,,,,,,,,,,,,,,,,,,,,,,,,,,,,,,,,,,,,,,,,,,,,,,,,,,,,
62,,,,,,,,,,,,,,r64,r64,r64,r64,r64,r64,r64,r64,r64,r64,s173,,,,r64,,,r64,,,,,,,,s172,,,,,,,,,,,,,,,,,,,,,,,,,,,,,,,,,,,,,,,,,,,,,,,,,,,,,,,,,,
63,,,,,,,,,,,,,,,,s179,,,,,,,,,s174,,,,s180,,,,,,,s182,,,s176,s178,,,,,,,181,177,,175,,,,,,,,,,,,,,,,,,,,,,,,,,,,,,,,,,,,,,,,,,,,,,,
64,,,,,,,,,,,,,,r63,r63,r63,r63,r63,r63,r63,r63,r63,r63,,,,,r63,,,r63,,,,,,,,,,,,,,,,,,,,,,,,,,,,,,,,,,,,,,,,,,,,,,,,,,,,,,,,,,,,,,,,,,
65,,,,,,,,,,,,,,r71,r71,r71,r71,r71,r71,r71,r71,r71,r71,r71,,,,r71,r71,,r71,,,,,,,,r71,,,,,,,,,,,,,,,,,,,,,,,,,,,,,,,,,,,,,,,,,,,,,,,,,,,,,,,,,,
66,,,,,s195,,,,,s189,,,,,,s183,,,,,,,,,s201,r126,s194,,s200,,,,,,,s204,,,s202,s199,,,,,,,203,198,185,197,,,,,,187,,,,,,,,186,,,191,,,,,188,,192,190,,193,,196,,184,,,,,,,,,,,,,,,,
67,,,s205,,,,,,,,,,,,,s208,,,,,,,,,s66,,,,s68,,,,,,,s210,,,s65,s67,,,,,,,209,207,,206,,,,,,,,,,,,,,,,,,,,,,,,,,,,,,,,,,,,,,,,,,,,,,,
68,,,,,s223,,,,,s219,,,,,,s227,,,,,,,,,s230,,s222,,s229,r76,,,,,,s233,,,s231,s228,,,,,,,232,226,215,225,,,,,,212,,,,,,,,211,,,216,,,,,213,,218,220,,221,,224,214,,,217,,,,,,,,,,,,,,
69,r45,r45,r45,,,,,,,,,,,,,,,s127,s128,s124,s126,s125,s121,,,,,,,,,,,,,r45,,,,,r45,,,,,,,,,,,,,,,,,,,,,,,,,,,,,,,,234,,,,,,,,,,,,,,,,,,,,,,,,
70,r56,r56,r56,,,,,,,,,,,,,,,r56,r56,r56,r56,r56,r56,,,,,,,,,,,,,r56,,,,,r56,,,,,,,,,,,,,,,,,,,,,,,,,,,,,,,,,,,,,,,,,,,,,,,,,,,,,,,,
71,r55,r55,r55,,,,,,,,,,,,,,,r55,r55,r55,r55,r55,r55,,,,,,,,,,,,,r55,,,,,r55,,,,,,,,,,,,,,,,,,,,,,,,,,,,,,,,,,,,,,,,,,,,,,,,,,,,,,,,
72,r53,r53,r53,,,,,,,,,,,s136,s137,,,r53,r53,r53,r53,r53,r53,,,,,,,,,,,,,r53,,,,,r53,,,,,,,,,,,,,,,,,,,,,,,,,,,,,,,,,,,235,,,,,,,,,,,,,,,,,,,,,
73,,,,,,,,,,,,,,,,,,,,,,,,,,,r107,,,,,,,,,,,,,,,,,,,,,,,,,,,,,,,,,,,,,,,,,,,,,,,,,,,,,,,,,,,,,,,,,236,,,,,
74,r59,r59,r59,,,,,,,,,,,,,,,r59,r59,r59,r59,r59,r59,,,,,,,,,,,,,r59,,,,,r59,,,,,,,,,,,,,,,,,,,,,,,,,,,,,,,,,,,,,,,,,,,,,,,,,,,,,,,,
75,r57,r57,r57,,,,,,,,,,,,,,,r57,r57,r57,r57,r57,r57,,,,,,,,,,,,,r57,,,,,r57,,,,,,,,,,,,,,,,,,,,,,,,,,,,,,,,,,,,,,,,,,,,,,,,,,,,,,,,
76,r58,r58,r58,,,,,,,,,,,,,,,r58,r58,r58,r58,r58,r58,,,,,,,,,,,,,r58,,,,,r58,,,,,,,,,,,,,,,,,,,,,,,,,,,,,,,,,,,,,,,,,,,,,,,,,,,,,,,,
77,r61,r61,r61,,,,,,,,,,,r61,r61,s165,s166,r61,r61,r61,r61,r61,r61,,,,,,,,,,,,,r61,,,,,r61,,,,,,,,,,,,,,,,,,,,,,,,,,,,,,,,,,,,,237,,,,,,,,,,,,,,,,,,,
78,,s40,s12,s43,s53,,s46,s56,,s50,s45,s58,,,,s63,,,,,,,,,s66,,s59,r28,s68,,s33,,,,,s60,,,s65,s67,,,,,,,52,61,32,62,,,29,34,,48,,,,238,30,35,36,37,38,39,41,42,44,54,55,47,,49,51,,57,,64,,,,,,,,,,,,,,239,,,,
79,,,,,r94,,,,,r94,,,,,,r94,,,,,,,,,r94,,r94,,r94,,,,,,,r94,,,r94,r94,,,,,,,160,154,241,153,,,,,,143,,,,,,,,142,,,147,,,,,144,,148,146,,149,,152,,,,,240,,,,,,,,,,,,,
80,r63,r63,r63,,,,,,,,,,,r63,r63,r63,r63,r63,r63,r63,r63,r63,r63,,,,,,,,,,,,,r63,,,,,r63,,,,,,,,,,,,,,,,,,,,,,,,,,,,,,,,,,,,,,,,,,,,,,,,,,,,,,,,
81,r64,r64,r64,,,,,,,,,,,r64,r64,r64,r64,r64,r64,r64,r64,r64,r64,s243,,,,,,,,,,,,r64,,,s242,,r64,,,,,,,,,,,,,,,,,,,,,,,,,,,,,,,,,,,,,,,,,,,,,,,,,,,,,,,,
82,r65,r65,r65,,,,,,,,,,,r65,r65,r65,r65,r65,r65,r65,r65,r65,r65,r65,,,,,s244,,,,,,,r65,,,r65,,r65,,,,,,,,,,,,,,,,,,,,,,,,,,,,,,,,,,,,,,,,,,,,,,,,,,,,,,,,
83,,,,,,,,,,,,,,,,s249,,,,,,,,,s245,,,,s250,,,,,,,s89,,,s87,s248,,,,,,,88,247,,246,,,,,,,,,,,,,,,,,,,,,,,,,,,,,,,,,,,,,,,,,,,,,,,
84,,,s251,,,,,,,,,,,,,s83,,,,,,,,,s86,,,,s85,,,,,,,s89,,,s87,s84,,,,,,,88,82,,252,,,,,,,,,,,,,,,,,,,,,,,,,,,,,,,,,,,,,,,,,,,,,,,
85,,,,,s223,,,,,s219,,,,,,s227,,,,,,,,,s230,,s222,,s229,r76,,,,,,s233,,,s231,s228,,,,,,,232,226,215,225,,,,,,212,,,,,,,,211,,,216,,,,,213,,218,220,,221,,224,253,,,217,,,,,,,,,,,,,,
86,,,,,s195,,,,,s189,,,,,,s183,,,,,,,,,s201,r126,s194,,s200,,,,,,,s204,,,s202,s199,,,,,,,203,198,254,197,,,,,,187,,,,,,,,186,,,191,,,,,188,,192,190,,193,,196,,255,,,,,,,,,,,,,,,,
87,r71,r71,r71,,,,,,,,,,,r71,r71,r71,r71,r71,r71,r71,r71,r71,r71,r71,,,,,r71,,,,,,,r71,,,r71,,r71,,,,,,,,,,,,,,,,,,,,,,,,,,,,,,,,,,,,,,,,,,,,,,,,,,,,,,,,
88,r72,r72,r72,,,,,,,,,,,r72,r72,r72,r72,r72,r72,r72,r72,r72,r72,r72,,,,,r72,,,,,,,r72,,,r72,,r72,,,,,,,,,,,,,,,,,,,,,,,,,,,,,,,,,,,,,,,,,,,,,,,,,,,,,,,,
89,r7,r7,r7,,,,,,,,,,,r7,r7,r7,r7,r7,r7,r7,r7,r7,r7,r7,s256,,,,r7,,,,,,,r7,,,r7,,r7,,,,,,,,,,,,,,,,,,,,,,,,,,,,,,,,,,,,,,,,,,,,,,,,,,,,,,,,
90,,,s261,,,,,,,,,,,,,,,,,,,,,,,r116,,,,,,,,,,r25,,,,,,,,,,,,,,,,,,,,,257,258,260,,,,,,,,,,,,,,,,,,,,,,,,,,,,,,,,,,,259,,,
91,,,,,,,,,,,,,s263,,,,,,,,,,,,,,,,,,s262,,,,,,,,,,,,,,,,,,,,,,,,,,,,,,,,,,,,,,,,,,,,,,,,,,,,,,,,,,,,,,,,,,
92,,,,,,,,,,,,,,,,,,,,,,,,,s267,,,,s265,,,,,,,,s266,,,s268,,,,,264,,,,,,,,,,,,,,,,,,,,,,,,,,,,,,,,,,,,,,,,,,,,,,,,,,,,
93,,,,,,,,,,,,,r2,,,,,,,,,,,,,,,,,,r2,,,,,,,,,,,,,,,,,,,,,,,,,,,,,,,,,,,,,,,,,,,,,,,,,,,,,,,,,,,,,,,,,,
94,,,,,,,,,,,,,,,,,,,,,,,,,s273,r121,,,s269,,,,,,,,s270,,,s274,,,,,272,271,,,,,,,,,,,,,,,,,,,,,,,,,,,,,,,,,,,,,,,,,,,,,,,,,,,
95,,,s275,,,,,,,,,,,,,,,,,,,,,,s94,,,,s92,,,,,,,,s93,,,s95,,,,,276,,,,,,,,,,,,,,,,,,,,,,,,,,,,,,,,,,,,,,,,,,,,,,,,,,,,
96,,,,,,,,,,,,,,,,,,s127,s128,s124,s126,s125,s121,,,,,,,,s277,,,,,,,,,,,,,,,,,,,,,,,,,,,,,,,,,,,,,,,,,,278,,,,,,,,,,,,,,,,,,,,,,,,
97,,,,,,,,,,,,,,,,,,r56,r56,r56,r56,r56,r56,,,,,,,,r56,,,,,,,,,,,,,,,,,,,,,,,,,,,,,,,,,,,,,,,,,,,,,,,,,,,,,,,,,,,,,,,,,,
98,,,,,,,,,,,,,,,,,,r55,r55,r55,r55,r55,r55,,,,,,,,r55,,,,,,,,,,,,,,,,,,,,,,,,,,,,,,,,,,,,,,,,,,,,,,,,,,,,,,,,,,,,,,,,,,
99,,,,,,,,,,,,,,s136,s137,,,r53,r53,r53,r53,r53,r53,,,,,,,,r53,,,,,,,,,,,,,,,,,,,,,,,,,,,,,,,,,,,,,,,,,,,,,279,,,,,,,,,,,,,,,,,,,,,
100,,,,,,,,,,,,,,,,,,,,,,,,,,,r107,,,,,,,,,,,,,,,,,,,,,,,,,,,,,,,,,,,,,,,,,,,,,,,,,,,,,,,,,,,,,,,,,280,,,,,
101,,,,,,,,,,,,,,,,,,r59,r59,r59,r59,r59,r59,,,,,,,,r59,,,,,,,,,,,,,,,,,,,,,,,,,,,,,,,,,,,,,,,,,,,,,,,,,,,,,,,,,,,,,,,,,,
102,,,,,,,,,,,,,,,,,,r57,r57,r57,r57,r57,r57,,,,,,,,r57,,,,,,,,,,,,,,,,,,,,,,,,,,,,,,,,,,,,,,,,,,,,,,,,,,,,,,,,,,,,,,,,,,
103,,,,,,,,,,,,,,,,,,r58,r58,r58,r58,r58,r58,,,,,,,,r58,,,,,,,,,,,,,,,,,,,,,,,,,,,,,,,,,,,,,,,,,,,,,,,,,,,,,,,,,,,,,,,,,,
104,,,,,,,,,,,,,,r61,r61,s165,s166,r61,r61,r61,r61,r61,r61,,,,,,,,r61,,,,,,,,,,,,,,,,,,,,,,,,,,,,,,,,,,,,,,,,,,,,,,,281,,,,,,,,,,,,,,,,,,,
105,,s40,s12,s43,s53,,s46,s56,,s50,s45,s58,,,,s63,,,,,,,,,s66,,s59,r28,s68,,s33,,,,,s60,,,s65,s67,,,,,,,52,61,32,62,,,29,34,,48,,,,282,30,35,36,37,38,39,41,42,44,54,55,47,,49,51,,57,,64,,,,,,,,,,,,,,283,,,,
106,,,,,r94,,,,,r94,,,,,,r94,,,,,,,,,r94,,r94,,r94,,,,,,,r94,,,r94,r94,,,,,,,160,154,285,153,,,,,,143,,,,,,,,142,,,147,,,,,144,,148,146,,149,,152,,,,,284,,,,,,,,,,,,,
107,,,,,,,,,,,,,,r63,r63,r63,r63,r63,r63,r63,r63,r63,r63,,,,,,,,r63,,,,,,,,,,,,,,,,,,,,,,,,,,,,,,,,,,,,,,,,,,,,,,,,,,,,,,,,,,,,,,,,,,
108,,,,,,,,,,,,,,r64,r64,r64,r64,r64,r64,r64,r64,r64,r64,s287,,,,,,,r64,,,,,,,,s286,,,,,,,,,,,,,,,,,,,,,,,,,,,,,,,,,,,,,,,,,,,,,,,,,,,,,,,,,,
109,,,,,,,,,,,,,,r65,r65,r65,r65,r65,r65,r65,r65,r65,r65,r65,,,,,s288,,r65,,,,,,,,r65,,,,,,,,,,,,,,,,,,,,,,,,,,,,,,,,,,,,,,,,,,,,,,,,,,,,,,,,,,
110,,,,,,,,,,,,,,,,s293,,,,,,,,,s289,,,,s294,,,,,,,s116,,,s114,s292,,,,,,,115,291,,290,,,,,,,,,,,,,,,,,,,,,,,,,,,,,,,,,,,,,,,,,,,,,,,
111,,,s295,,,,,,,,,,,,,s110,,,,,,,,,s113,,,,s112,,,,,,,s116,,,s114,s111,,,,,,,115,109,,296,,,,,,,,,,,,,,,,,,,,,,,,,,,,,,,,,,,,,,,,,,,,,,,
112,,,,,s223,,,,,s219,,,,,,s227,,,,,,,,,s230,,s222,,s229,r76,,,,,,s233,,,s231,s228,,,,,,,232,226,215,225,,,,,,212,,,,,,,,211,,,216,,,,,213,,218,220,,221,,224,297,,,217,,,,,,,,,,,,,,
113,,,,,s195,,,,,s189,,,,,,s183,,,,,,,,,s201,r126,s194,,s200,,,,,,,s204,,,s202,s199,,,,,,,203,198,298,197,,,,,,187,,,,,,,,186,,,191,,,,,188,,192,190,,193,,196,,299,,,,,,,,,,,,,,,,
114,,,,,,,,,,,,,,r71,r71,r71,r71,r71,r71,r71,r71,r71,r71,r71,,,,,r71,,r71,,,,,,,,r71,,,,,,,,,,,,,,,,,,,,,,,,,,,,,,,,,,,,,,,,,,,,,,,,,,,,,,,,,,
115,,,,,,,,,,,,,,r72,r72,r72,r72,r72,r72,r72,r72,r72,r72,r72,,,,,r72,,r72,,,,,,,,r72,,,,,,,,,,,,,,,,,,,,,,,,,,,,,,,,,,,,,,,,,,,,,,,,,,,,,,,,,,
116,,,,,,,,,,,,,,r7,r7,r7,r7,r7,r7,r7,r7,r7,r7,r7,s300,,,,r7,,r7,,,,,,,,r7,,,,,,,,,,,,,,,,,,,,,,,,,,,,,,,,,,,,,,,,,,,,,,,,,,,,,,,,,,
117,r26,r26,r26,,,,,,,,,,,,,,,,,,,,,,,,,,,,,,,,,r26,,,,,r26,,,,,,,,,,,,,,,,,,,,,,,,,,,,,,,,,,,,,,,,,,,,,,,,,,,,,,,,
118,,,,,,,,,,,,,,,,,,,,,,,,,,,,r27,,,,,,,,,,,,,,,,,,,,,,,,,,,,,,,,,,,,,,,,,,,,,,,,,,,,,,,,,,,,,,,,,,,,,
119,,,,,,,,,,,,,,,,,,,,,,,,,,,,r112,,,,,,,,,,,,,,,,,,,,,,,,,,,,,,,,,,,,,,,,,,,,,,,,,,,,,,,,,,,,,,,,,,,,,
120,r110,r110,r110,,,,,,,,,,,,,,,,,,,,,,,,,,,,,,,,,r110,,,,,r110,,,,,,,,,,,,,,,,,,,,,,,,,,,,,,,,,,,,,,,,,,,,,,,,,,,,,,,,
121,,,,,r83,,,,,r83,,,,,,r83,,,,,,,,,r83,,r83,,r83,,,,,,,r83,,,r83,r83,,,,,,,,,,,,,,,,,,,,,,,,,,,,,,,,,,,,,,,,,,,,,,,,,,,,,,,,,
122,,r34,r34,r34,r34,,r34,r34,,r34,r34,r34,,,,r34,,,,,,,,,r34,,r34,r34,r34,,r34,,,,,r34,,,r34,r34,,,,,,,,,,,,,,,,,,,,,,,,,,,,,,,,,,,,,,,,,,,,,,,,,,,,,,,,,
123,,,,,s305,,,,,s303,,,,,,s208,,,,,,,,,s66,,s59,,s68,,,,,,,s210,,,s65,s67,,,,,,,209,207,301,306,,,,,,48,,,,,,,,302,,,304,,,,,47,,49,51,,57,,64,,,,,,,,,,,,,,,,,,
124,,,,,r80,,,,,r80,,,,,,r80,,,,,,,,,r80,,r80,,r80,,,,,,,r80,,,r80,r80,,,,,,,,,,,,,,,,,,,,,,,,,,,,,,,,,,,,,,,,,,,,,,,,,,,,,,,,,
125,,,,,r81,,,,,r81,,,,,,r81,,,,,,,,,r81,,r81,,r81,,,,,,,r81,,,r81,r81,,,,,,,,,,,,,,,,,,,,,,,,,,,,,,,,,,,,,,,,,,,,,,,,,,,,,,,,,
126,,,,,r82,,,,,r82,,,,,,r82,,,,,,,,,r82,,r82,,r82,,,,,,,r82,,,r82,r82,,,,,,,,,,,,,,,,,,,,,,,,,,,,,,,,,,,,,,,,,,,,,,,,,,,,,,,,,
127,,,,,r84,,,,,r84,,,,,,r84,,,,,,,,,r84,,r84,,r84,,,,,,,r84,,,r84,r84,,,,,,,,,,,,,,,,,,,,,,,,,,,,,,,,,,,,,,,,,,,,,,,,,,,,,,,,,
128,,,,,r85,,,,,r85,,,,,,r85,,,,,,,,,r85,,r85,,r85,,,,,,,r85,,,r85,r85,,,,,,,,,,,,,,,,,,,,,,,,,,,,,,,,,,,,,,,,,,,,,,,,,,,,,,,,,
129,,,,,,,,,,,,,s309,,,,,,,,,,,,,,,,,,s307,,s308,,,,,,,,,,,,,,,,,,,,,,,,,,,,,,,,,,,,,,,,,,,,,,,,,,,,,,,,,,,,,,,,
130,,r51,r51,r51,r51,,r51,r51,,r51,r51,r51,,,,r51,,,,,,,,,r51,,r51,r51,r51,,r51,,,,,r51,,,r51,r51,,,,,,,,,,,,,,,,,,,,,,,,,,,,,,,,,,,,,,,,,,,,,,,,,,,,,,,,,
131,,,,,,,,,,,,,,,,,,s127,s128,s124,s126,s125,s121,,,,,,,,s310,,,,,,,,,,,,,,,,,,,,,,,,,,,,,,,,,,,,,,,,,,278,,,,,,,,,,,,,,,,,,,,,,,,
132,,,,,,,,,,,,,,,,,,s127,s128,s124,s126,s125,s121,,,,,,,,s311,,,,,,,,,,,,,,,,,,,,,,,,,,,,,,,,,,,,,,,,,,278,,,,,,,,,,,,,,,,,,,,,,,,
133,,r108,r108,r108,r108,,r108,r108,,r108,r108,r108,,,,r108,,,,,,,,,r108,,r108,r108,r108,,r108,,,,,r108,,,r108,r108,,,,,,,,,,,,,,,,,,,,,,,,,,,,,,,,,,,,,,,,,,,,,,,,,,,,,,,,,
134,,,,,s151,,,,,s145,,,,,,s155,,,,,,,,,s158,,s150,,s157,,,,,,,s161,,,s159,s156,,,,,,,160,154,312,153,,,,,,143,,,,,,,,142,,,147,,,,,144,,148,146,,149,,152,,,,,,,,,,,,,,,,,,
135,,,,,,,,,,,,,,,,s208,,,,,,,,,s66,,,,s68,,,,,,,s210,,,s65,s67,,,,,,,209,207,,306,,,,,,,,,,,,,,,,,,,,,,,,,,,313,,64,,,,,,,,,,,,,,,,,,
136,,,,,,,,,,,,,,,,r86,,,,,,,,,r86,,,,r86,,,,,,,r86,,,r86,r86,,,,,,,,,,,,,,,,,,,,,,,,,,,,,,,,,,,,,,,,,,,,,,,,,,,,,,,,,
137,,,,,,,,,,,,,,,,r87,,,,,,,,,r87,,,,r87,,,,,,,r87,,,r87,r87,,,,,,,,,,,,,,,,,,,,,,,,,,,,,,,,,,,,,,,,,,,,,,,,,,,,,,,,,
138,,,,,,,,,,,,,,,,,,,,,,,,,,,s315,,,,,,,,,,,,,,,,,,,,,,,,,,,,,314,,,,,,,,,,,,,,,,,,,,,,,,,,,,,,,,,,,,,,,,,
139,,,,,s106,,,,,s100,,,,,,s110,,,,,,,,,s113,,s105,,s112,,,,,,,s116,,,s114,s111,,,,,,,115,109,316,108,,,,,,98,,,,,,,,97,,,102,,,,,99,,103,101,,104,,107,,,,,,,,,,,,,,,,,,
140,,,,,s151,,,,,s145,,,,,,s155,,,,,,,,,s158,,s150,,s157,,,,,,,s161,,,s159,s156,,,,,,,160,154,317,153,,,,,,143,,,,,,,,142,,,147,,,,,144,,148,146,,149,,152,,,,,,,,,,,,,,,,,,
141,,,,,,,,,,,,,,,,,,s127,s128,s124,s126,s125,s121,,,,s320,,,,,,,,,,,,,,,,,,,,,,,,,,,,,,,,,,,,,,,,,,,,,,319,318,,,,,,,,,,,,,,,,,,,,,,,
142,,,,,,,,,,,,,,,,,,r56,r56,r56,r56,r56,r56,,,,r56,,,,,,,,,,,,,,,,,,,,,,,,,,,,,,,,,,,,,,,,,,,,,,,,,,,,,,,,,,,,,,,,,,,,,,
143,,,,,,,,,,,,,,,,,,r55,r55,r55,r55,r55,r55,,,,r55,,,,,,,,,,,,,,,,,,,,,,,,,,,,,,,,,,,,,,,,,,,,,,,,,,,,,,,,,,,,,,,,,,,,,,
144,,,,,,,,,,,,,,s136,s137,,,r53,r53,r53,r53,r53,r53,,,,r53,,,,,,,,,,,,,,,,,,,,,,,,,,,,,,,,,,,,,,,,,,,,,,,,,321,,,,,,,,,,,,,,,,,,,,,
145,,,,,,,,,,,,,,,,,,,,,,,,,,,r107,,,,,,,,,,,,,,,,,,,,,,,,,,,,,,,,,,,,,,,,,,,,,,,,,,,,,,,,,,,,,,,,,322,,,,,
146,,,,,,,,,,,,,,,,,,r59,r59,r59,r59,r59,r59,,,,r59,,,,,,,,,,,,,,,,,,,,,,,,,,,,,,,,,,,,,,,,,,,,,,,,,,,,,,,,,,,,,,,,,,,,,,
147,,,,,,,,,,,,,,,,,,r57,r57,r57,r57,r57,r57,,,,r57,,,,,,,,,,,,,,,,,,,,,,,,,,,,,,,,,,,,,,,,,,,,,,,,,,,,,,,,,,,,,,,,,,,,,,
148,,,,,,,,,,,,,,,,,,r58,r58,r58,r58,r58,r58,,,,r58,,,,,,,,,,,,,,,,,,,,,,,,,,,,,,,,,,,,,,,,,,,,,,,,,,,,,,,,,,,,,,,,,,,,,,
149,,,,,,,,,,,,,,r61,r61,s165,s166,r61,r61,r61,r61,r61,r61,,,,r61,,,,,,,,,,,,,,,,,,,,,,,,,,,,,,,,,,,,,,,,,,,,,,,,,,,323,,,,,,,,,,,,,,,,,,,
150,,s40,s12,s43,s53,,s46,s56,,s50,s45,s58,,,,s63,,,,,,,,,s66,,s59,r28,s68,,s33,,,,,s60,,,s65,s67,,,,,,,52,61,32,62,,,29,34,,48,,,,324,30,35,36,37,38,39,41,42,44,54,55,47,,49,51,,57,,64,,,,,,,,,,,,,,325,,,,
151,,,,,r94,,,,,r94,,,,,,r94,,,,,,,,,r94,,r94,,r94,,,,,,,r94,,,r94,r94,,,,,,,160,154,327,153,,,,,,143,,,,,,,,142,,,147,,,,,144,,148,146,,149,,152,,,,,326,,,,,,,,,,,,,
152,,,,,,,,,,,,,,r63,r63,r63,r63,r63,r63,r63,r63,r63,r63,,,,r63,,,,,,,,,,,,,,,,,,,,,,,,,,,,,,,,,,,,,,,,,,,,,,,,,,,,,,,,,,,,,,,,,,,,,,
153,,,,,,,,,,,,,,r64,r64,r64,r64,r64,r64,r64,r64,r64,r64,s329,,,r64,,,,,,,,,,,,s328,,,,,,,,,,,,,,,,,,,,,,,,,,,,,,,,,,,,,,,,,,,,,,,,,,,,,,,,,,
154,,,,,,,,,,,,,,r65,r65,r65,r65,r65,r65,r65,r65,r65,r65,r65,,,r65,,s330,,,,,,,,,,r65,,,,,,,,,,,,,,,,,,,,,,,,,,,,,,,,,,,,,,,,,,,,,,,,,,,,,,,,,,
155,,,,,,,,,,,,,,,,s335,,,,,,,,,s331,,,,s336,,,,,,,s161,,,s159,s334,,,,,,,160,333,,332,,,,,,,,,,,,,,,,,,,,,,,,,,,,,,,,,,,,,,,,,,,,,,,
156,,,s337,,,,,,,,,,,,,s155,,,,,,,,,s158,,,,s157,,,,,,,s161,,,s159,s156,,,,,,,160,154,,338,,,,,,,,,,,,,,,,,,,,,,,,,,,,,,,,,,,,,,,,,,,,,,,
157,,,,,s223,,,,,s219,,,,,,s227,,,,,,,,,s230,,s222,,s229,r76,,,,,,s233,,,s231,s228,,,,,,,232,226,215,225,,,,,,212,,,,,,,,211,,,216,,,,,213,,218,220,,221,,224,339,,,217,,,,,,,,,,,,,,
158,,,,,s195,,,,,s189,,,,,,s183,,,,,,,,,s201,r126,s194,,s200,,,,,,,s204,,,s202,s199,,,,,,,203,198,340,197,,,,,,187,,,,,,,,186,,,191,,,,,188,,192,190,,193,,196,,341,,,,,,,,,,,,,,,,
159,,,,,,,,,,,,,,r71,r71,r71,r71,r71,r71,r71,r71,r71,r71,r71,,,r71,,r71,,,,,,,,,,r71,,,,,,,,,,,,,,,,,,,,,,,,,,,,,,,,,,,,,,,,,,,,,,,,,,,,,,,,,,
160,,,,,,,,,,,,,,r72,r72,r72,r72,r72,r72,r72,r72,r72,r72,r72,,,r72,,r72,,,,,,,,,,r72,,,,,,,,,,,,,,,,,,,,,,,,,,,,,,,,,,,,,,,,,,,,,,,,,,,,,,,,,,
161,,,,,,,,,,,,,,r7,r7,r7,r7,r7,r7,r7,r7,r7,r7,r7,s342,,r7,,r7,,,,,,,,,,r7,,,,,,,,,,,,,,,,,,,,,,,,,,,,,,,,,,,,,,,,,,,,,,,,,,,,,,,,,,
162,,,,,s352,,,,,s50,,,,,,s356,,,,,,,,,s359,,s351,,s358,,,,,,,s362,,,s360,s357,,,,,,,361,355,343,354,,,,,,345,,,,,,,,344,,,348,,,,,346,,349,347,,350,,353,,,,,,,,,,,,,,,,,,
163,,s365,s12,,,,,,,,,,,,,,,,,,,,,,,,,,,,,,,,,s13,,,,,,,,,,,,,,,,,,364,,,,,,,,,,,,,,,,363,366,,,,,,,,,,,,,,,,,,,,,,,,,,
164,,,,,,,,,,,,,,,,s208,,,,,,,,,s66,,,,s68,,,,,,,s210,,,s65,s67,,,,,,,209,207,,306,,,,,,,,,,,,,,,,,,,,,,,,,,,,,367,,,,,,,,,,,,,,,,,,
165,,,,,,,,,,,,,,,,r88,,,,,,,,,r88,,,,r88,,,,,,,r88,,,r88,r88,,,,,,,,,,,,,,,,,,,,,,,,,,,,,,,,,,,,,,,,,,,,,,,,,,,,,,,,,
166,,,,,,,,,,,,,,,,r89,,,,,,,,,r89,,,,r89,,,,,,,r89,,,r89,r89,,,,,,,,,,,,,,,,,,,,,,,,,,,,,,,,,,,,,,,,,,,,,,,,,,,,,,,,,
167,,r109,r109,r109,r109,,r109,r109,,r109,r109,r109,,,,r109,,,,,,,,,r109,,r109,r109,r109,,r109,,,,,r109,,,r109,r109,,,,,,,,,,,,,,,,,,,,,,,,,,,,,,,,,,,,,,,,,,,,,,,,,,,,,,,,,
168,,,,,,,,,,,,,,,,,,,,,,,,,,,,s368,,,,,,,,,,,,,,,,,,,,,,,,,,,,,,,,,,,,,,,,,,,,,,,,,,,,,,,,,,,,,,,,,,,,,
169,,,,,,,,,,,,,,,,,,,,,,,,,,,,s369,,,,,,,,,,,,,,,,,,,,,,,,,,,,,,,,,,,,,,,,,,,,,,,,,,,,,,,,,,,,,,,,,,,,,
170,,,,,s195,,,,,s189,,,,,,s183,,,,,,,,,s201,r90,s194,,s200,,,,,,,s204,,,s202,s199,,,,,,,203,198,371,197,,,,,,187,,,,,,,,186,,,191,,,,,188,,192,190,,193,,196,,,370,,,,,,,,,,,,,,,
171,,,,,s382,,,,,s376,,,,,,s386,,,,,,,,,s389,,s381,,s388,,,,,,,s392,,,s390,s387,,,,,,,391,385,372,384,,,,,,374,,,,,,,,373,,,378,,,,,375,,379,377,,380,,383,,,,,,,,,,,,,,,,,,
172,,,,,,,,,,,,,r9,r9,r9,r9,r9,r9,r9,r9,r9,r9,r9,r9,,,,r9,r9,,r9,,,,,,,,r9,,,,,,,,,,,,,,,,,,,,,,,,,,,,,,,,,,,,,,,,,,,,,,,,,,,,,,,,,,
173,,,,,,,,,,,,,,,,,,,,,,,,,,,,,,,,,,,,,,,s393,,,,,,,,,,,,,,,,,,,,,,,,,,,,,,,,,,,,,,,,,,,,,,,,,,,,,,,,,,
174,,,,,s195,,,,,s189,,,,,,s183,,,,,,,,,s201,r126,s194,,s200,,,,,,,s204,,,s202,s199,,,,,,,203,198,394,197,,,,,,187,,,,,,,,186,,,191,,,,,188,,192,190,,193,,196,,395,,,,,,,,,,,,,,,,
175,,,,,,,,,,,,,r11,r11,r11,r11,r11,r11,r11,r11,r11,r11,r11,r11,,,,r11,r11,,r11,,,,,,,,r11,,,,,,,,,,,,,,,,,,,,,,,,,,,,,,,,,,,,,,,,,,,,,,,,,,,,,,,,,,
176,,,,,,,,,,,,,r71,r71,r71,r71,r71,r71,r71,r71,r71,r71,r71,r71,,,,r71,r71,,r71,,,,,,,,r71,,,,,,,,,,,,,,,,,,,,,,,,,,,,,,,,,,,,,,,,,,,,,,,,,,,,,,,,,,
177,,,,,,,,,,,,,r65,r65,r65,r65,r65,r65,r65,r65,r65,r65,r65,r65,,,,r65,r65,,r65,,,,,,,,r65,,,,,,,,,,,,,,,,,,,,,,,,,,,,,,,,,,,,,,,,,,,,,,,,,,,,,,,,,,
178,,,s396,,,,,,,,,,,,,s179,,,,,,,,,s174,,,,s180,,,,,,,s182,,,s176,s178,,,,,,,181,177,,397,,,,,,,,,,,,,,,,,,,,,,,,,,,,,,,,,,,,,,,,,,,,,,,
179,,,,,,,,,,,,,,,,s179,,,,,,,,,s174,,,,s180,,,,,,,s182,,,s176,s178,,,,,,,181,177,,398,,,,,,,,,,,,,,,,,,,,,,,,,,,,,,,,,,,,,,,,,,,,,,,
180,,,,,s223,,,,,s219,,,,,,s227,,,,,,,,,s230,,s222,,s229,r76,,,,,,s233,,,s231,s228,,,,,,,232,226,215,225,,,,,,212,,,,,,,,211,,,216,,,,,213,,218,220,,221,,224,399,,,217,,,,,,,,,,,,,,
181,,,,,,,,,,,,,r72,r72,r72,r72,r72,r72,r72,r72,r72,r72,r72,r72,,,,r72,r72,,r72,,,,,,,,r72,,,,,,,,,,,,,,,,,,,,,,,,,,,,,,,,,,,,,,,,,,,,,,,,,,,,,,,,,,
182,,,,,,,,,,,,,r7,r7,r7,r7,r7,r7,r7,r7,r7,r7,r7,r7,s400,,,r7,r7,,r7,,,,,,,,r7,,,,,,,,,,,,,,,,,,,,,,,,,,,,,,,,,,,,,,,,,,,,,,,,,,,,,,,,,,
183,,,,,,,,,,,,,,,,s405,,,,,,,,,s401,,,,s406,,,,,,,s204,,,s202,s404,,,,,,,203,403,,402,,,,,,,,,,,,,,,,,,,,,,,,,,,,,,,,,,,,,,,,,,,,,,,
184,,,,,,,,,,,,,,,,,,,,,,,,,,s407,,,,,,,,,,,,,,,,,,,,,,,,,,,,,,,,,,,,,,,,,,,,,,,,,,,,,,,,,,,,,,,,,,,,,,,
185,,,,,,,,,,,,,,,,,,s127,s128,s124,s126,s125,s121,,,s408,,,,,,s409,,,,,,,,,,,,,,,,,,,,,,,,,,,,,,,,,,,,,,,,,410,,,,,,,,,,,,,,,,,,,,,,,,
186,,,,,,,,,,,,,,,,,,r56,r56,r56,r56,r56,r56,,,r56,,,,,,r56,,,,,,,,,,,,,,,,,,,,,,,,,,,,,,,,,,,,,,,,,,,,,,,,,,,,,,,,,,,,,,,,,
187,,,,,,,,,,,,,,,,,,r55,r55,r55,r55,r55,r55,,,r55,,,,,,r55,,,,,,,,,,,,,,,,,,,,,,,,,,,,,,,,,,,,,,,,,,,,,,,,,,,,,,,,,,,,,,,,,
188,,,,,,,,,,,,,,s136,s137,,,r53,r53,r53,r53,r53,r53,,,r53,,,,,,r53,,,,,,,,,,,,,,,,,,,,,,,,,,,,,,,,,,,,,,,,,,,,411,,,,,,,,,,,,,,,,,,,,,
189,,,,,,,,,,,,,,,,,,,,,,,,,,,r107,,,,,,,,,,,,,,,,,,,,,,,,,,,,,,,,,,,,,,,,,,,,,,,,,,,,,,,,,,,,,,,,,412,,,,,
190,,,,,,,,,,,,,,,,,,r59,r59,r59,r59,r59,r59,,,r59,,,,,,r59,,,,,,,,,,,,,,,,,,,,,,,,,,,,,,,,,,,,,,,,,,,,,,,,,,,,,,,,,,,,,,,,,
191,,,,,,,,,,,,,,,,,,r57,r57,r57,r57,r57,r57,,,r57,,,,,,r57,,,,,,,,,,,,,,,,,,,,,,,,,,,,,,,,,,,,,,,,,,,,,,,,,,,,,,,,,,,,,,,,,
192,,,,,,,,,,,,,,,,,,r58,r58,r58,r58,r58,r58,,,r58,,,,,,r58,,,,,,,,,,,,,,,,,,,,,,,,,,,,,,,,,,,,,,,,,,,,,,,,,,,,,,,,,,,,,,,,,
193,,,,,,,,,,,,,,r61,r61,s165,s166,r61,r61,r61,r61,r61,r61,,,r61,,,,,,r61,,,,,,,,,,,,,,,,,,,,,,,,,,,,,,,,,,,,,,,,,,,,,,413,,,,,,,,,,,,,,,,,,,
194,,s40,s12,s43,s53,,s46,s56,,s50,s45,s58,,,,s63,,,,,,,,,s66,,s59,r28,s68,,s33,,,,,s60,,,s65,s67,,,,,,,52,61,32,62,,,29,34,,48,,,,414,30,35,36,37,38,39,41,42,44,54,55,47,,49,51,,57,,64,,,,,,,,,,,,,,415,,,,
195,,,,,r94,,,,,r94,,,,,,r94,,,,,,,,,r94,,r94,,r94,,,,,,,r94,,,r94,r94,,,,,,,160,154,417,153,,,,,,143,,,,,,,,142,,,147,,,,,144,,148,146,,149,,152,,,,,416,,,,,,,,,,,,,
196,,,,,,,,,,,,,,r63,r63,r63,r63,r63,r63,r63,r63,r63,r63,,,r63,,,,,,r63,,,,,,,,,,,,,,,,,,,,,,,,,,,,,,,,,,,,,,,,,,,,,,,,,,,,,,,,,,,,,,,,,
197,,,,,,,,,,,,,,r64,r64,r64,r64,r64,r64,r64,r64,r64,r64,s419,,r64,,,,,,r64,,,,,,,s418,,,,,,,,,,,,,,,,,,,,,,,,,,,,,,,,,,,,,,,,,,,,,,,,,,,,,,,,,,
198,,,,,,,,,,,,,,r65,r65,r65,r65,r65,r65,r65,r65,r65,r65,r65,,r65,,,s420,,,r65,,,,,,,r65,,,,,,,,,,,,,,,,,,,,,,,,,,,,,,,,,,,,,,,,,,,,,,,,,,,,,,,,,,
199,,,s421,,,,,,,,,,,,,s183,,,,,,,,,s201,,,,s200,,,,,,,s204,,,s202,s199,,,,,,,203,198,,422,,,,,,,,,,,,,,,,,,,,,,,,,,,,,,,,,,,,,,,,,,,,,,,
200,,,,,s223,,,,,s219,,,,,,s227,,,,,,,,,s230,,s222,,s229,r76,,,,,,s233,,,s231,s228,,,,,,,232,226,215,225,,,,,,212,,,,,,,,211,,,216,,,,,213,,218,220,,221,,224,423,,,217,,,,,,,,,,,,,,
201,,,,,s195,,,,,s189,,,,,,s183,,,,,,,,,s201,r126,s194,,s200,,,,,,,s204,,,s202,s199,,,,,,,203,198,424,197,,,,,,187,,,,,,,,186,,,191,,,,,188,,192,190,,193,,196,,425,,,,,,,,,,,,,,,,
202,,,,,,,,,,,,,,r71,r71,r71,r71,r71,r71,r71,r71,r71,r71,r71,,r71,,,r71,,,r71,,,,,,,r71,,,,,,,,,,,,,,,,,,,,,,,,,,,,,,,,,,,,,,,,,,,,,,,,,,,,,,,,,,
203,,,,,,,,,,,,,,r72,r72,r72,r72,r72,r72,r72,r72,r72,r72,r72,,r72,,,r72,,,r72,,,,,,,r72,,,,,,,,,,,,,,,,,,,,,,,,,,,,,,,,,,,,,,,,,,,,,,,,,,,,,,,,,,
204,,,,,,,,,,,,,,r7,r7,r7,r7,r7,r7,r7,r7,r7,r7,r7,s426,r7,,,r7,,,r7,,,,,,,r7,,,,,,,,,,,,,,,,,,,,,,,,,,,,,,,,,,,,,,,,,,,,,,,,,,,,,,,,,,
205,,,,,,,,,,,,,,,,s208,,,,,,,,,s66,,,,s68,,,,,,,s210,,,s65,s67,,,,,,,209,207,,427,,,,,,,,,,,,,,,,,,,,,,,,,,,,,,,,,,,,,,,,,,,,,,,
206,,,,,,,,,,,,,,r68,r68,r68,r68,r68,r68,r68,r68,r68,r68,r68,,,,r68,,,r68,,,,,,,,r68,,,,,,,,,,,,,,,,,,,,,,,,,,,,,,,,,,,,,,,,,,,,,,,,,,,,,,,,,,
207,,,,,,,,,,,,,,r65,r65,r65,r65,r65,r65,r65,r65,r65,r65,r65,,,,r65,s430,,r65,,,,,,,,r65,,,,,,,,,,,,,,,,,,,,,,,,,,,,,,,,,,,,,,,,,,,,,,,,,,,,,,,,,,
208,,,,,,,,,,,,,,,,s435,,,,,,,,,s431,,,,s436,,,,,,,s210,,,s65,s434,,,,,,,209,433,,432,,,,,,,,,,,,,,,,,,,,,,,,,,,,,,,,,,,,,,,,,,,,,,,
209,,,,,,,,,,,,,,r72,r72,r72,r72,r72,r72,r72,r72,r72,r72,r72,,,,r72,r72,,r72,,,,,,,,r72,,,,,,,,,,,,,,,,,,,,,,,,,,,,,,,,,,,,,,,,,,,,,,,,,,,,,,,,,,
210,,,,,,,,,,,,,,r7,r7,r7,r7,r7,r7,r7,r7,r7,r7,r7,s170,,,r7,r7,,r7,,,,,,,,r7,,,,,,,,,,,,,,,,,,,,,,,,,,,,,,,,,,,,,,,,,,,,,,,,,,,,,,,,,,
211,,,,,,,,,,,,,,,,,,r56,r56,r56,r56,r56,r56,,,,,,,r56,,r56,,,,,,,,,,,,,,,,,,,,,,,,,,,,,,,,,,,,,,,,,,,,,,,,,,,,,,,,,,,,,,,,,
212,,,,,,,,,,,,,,,,,,r55,r55,r55,r55,r55,r55,,,,,,,r55,,r55,,,,,,,,,,,,,,,,,,,,,,,,,,,,,,,,,,,,,,,,,,,,,,,,,,,,,,,,,,,,,,,,,
213,,,,,,,,,,,,,,s136,s137,,,r53,r53,r53,r53,r53,r53,,,,,,,r53,,r53,,,,,,,,,,,,,,,,,,,,,,,,,,,,,,,,,,,,,,,,,,,,437,,,,,,,,,,,,,,,,,,,,,
214,,,,,,,,,,,,,,,,,,,,,,,,,,,,,,s438,,,,,,,,,,,,,,,,,,,,,,,,,,,,,,,,,,,,,,,,,,,,,,,,,,,,,,,,,,,,,,,,,,,
215,,,,,,,,,,,,,,,,,,s127,s128,s124,s126,s125,s121,,,,,,,r77,,r79,,,,,,,,,,,,,,,,,,,,,,,,,,,,,,,,,,,,,,,,,439,,,,,,,,,,,,,,,,,,,,,,,,
216,,,,,,,,,,,,,,,,,,r57,r57,r57,r57,r57,r57,,,,,,,r57,,r57,,,,,,,,,,,,,,,,,,,,,,,,,,,,,,,,,,,,,,,,,,,,,,,,,,,,,,,,,,,,,,,,,
217,,,,,,,,,,,,,,,,,,,,,,,,,,,,,,,,s440,,,,,,,,,,,,,,,,,,,,,,,,,,,,,,,,,,,,,,,,,,,,,,,,,,,,,,,,,,,,,,,,,
218,,,,,,,,,,,,,,,,,,r58,r58,r58,r58,r58,r58,,,,,,,r58,,r58,,,,,,,,,,,,,,,,,,,,,,,,,,,,,,,,,,,,,,,,,,,,,,,,,,,,,,,,,,,,,,,,,
219,,,,,,,,,,,,,,,,,,,,,,,,,,,r107,,,,,,,,,,,,,,,,,,,,,,,,,,,,,,,,,,,,,,,,,,,,,,,,,,,,,,,,,,,,,,,,,441,,,,,
220,,,,,,,,,,,,,,,,,,r59,r59,r59,r59,r59,r59,,,,,,,r59,,r59,,,,,,,,,,,,,,,,,,,,,,,,,,,,,,,,,,,,,,,,,,,,,,,,,,,,,,,,,,,,,,,,,
221,,,,,,,,,,,,,,r61,r61,s165,s166,r61,r61,r61,r61,r61,r61,,,,,,,r61,,r61,,,,,,,,,,,,,,,,,,,,,,,,,,,,,,,,,,,,,,,,,,,,,,442,,,,,,,,,,,,,,,,,,,
222,,s40,s12,s43,s53,,s46,s56,,s50,s45,s58,,,,s63,,,,,,,,,s66,,s59,r28,s68,,s33,,,,,s60,,,s65,s67,,,,,,,52,61,32,62,,,29,34,,48,,,,443,30,35,36,37,38,39,41,42,44,54,55,47,,49,51,,57,,64,,,,,,,,,,,,,,444,,,,
223,,,,,r94,,,,,r94,,,,,,r94,,,,,,,,,r94,,r94,,r94,,,,,,,r94,,,r94,r94,,,,,,,160,154,446,153,,,,,,143,,,,,,,,142,,,147,,,,,144,,148,146,,149,,152,,,,,445,,,,,,,,,,,,,
224,,,,,,,,,,,,,,r63,r63,r63,r63,r63,r63,r63,r63,r63,r63,,,,,,,r63,,r63,,,,,,,,,,,,,,,,,,,,,,,,,,,,,,,,,,,,,,,,,,,,,,,,,,,,,,,,,,,,,,,,,
225,,,,,,,,,,,,,,r64,r64,r64,r64,r64,r64,r64,r64,r64,r64,s448,,,,,,r64,,r64,,,,,,,s447,,,,,,,,,,,,,,,,,,,,,,,,,,,,,,,,,,,,,,,,,,,,,,,,,,,,,,,,,,
226,,,,,,,,,,,,,,r65,r65,r65,r65,r65,r65,r65,r65,r65,r65,r65,,,,,s449,r65,,r65,,,,,,,r65,,,,,,,,,,,,,,,,,,,,,,,,,,,,,,,,,,,,,,,,,,,,,,,,,,,,,,,,,,
227,,,,,,,,,,,,,,,,s454,,,,,,,,,s450,,,,s455,,,,,,,s233,,,s231,s453,,,,,,,232,452,,451,,,,,,,,,,,,,,,,,,,,,,,,,,,,,,,,,,,,,,,,,,,,,,,
228,,,s456,,,,,,,,,,,,,s227,,,,,,,,,s230,,,,s229,,,,,,,s233,,,s231,s228,,,,,,,232,226,,457,,,,,,,,,,,,,,,,,,,,,,,,,,,,,,,,,,,,,,,,,,,,,,,
229,,,,,s223,,,,,s219,,,,,,s227,,,,,,,,,s230,,s222,,s229,r76,,,,,,s233,,,s231,s228,,,,,,,232,226,215,225,,,,,,212,,,,,,,,211,,,216,,,,,213,,218,220,,221,,224,458,,,217,,,,,,,,,,,,,,
230,,,,,s195,,,,,s189,,,,,,s183,,,,,,,,,s201,r126,s194,,s200,,,,,,,s204,,,s202,s199,,,,,,,203,198,459,197,,,,,,187,,,,,,,,186,,,191,,,,,188,,192,190,,193,,196,,460,,,,,,,,,,,,,,,,
231,,,,,,,,,,,,,,r71,r71,r71,r71,r71,r71,r71,r71,r71,r71,r71,,,,,r71,r71,,r71,,,,,,,r71,,,,,,,,,,,,,,,,,,,,,,,,,,,,,,,,,,,,,,,,,,,,,,,,,,,,,,,,,,
232,,,,,,,,,,,,,,r72,r72,r72,r72,r72,r72,r72,r72,r72,r72,r72,,,,,r72,r72,,r72,,,,,,,r72,,,,,,,,,,,,,,,,,,,,,,,,,,,,,,,,,,,,,,,,,,,,,,,,,,,,,,,,,,
233,,,,,,,,,,,,,,r7,r7,r7,r7,r7,r7,r7,r7,r7,r7,r7,s461,,,,r7,r7,,r7,,,,,,,r7,,,,,,,,,,,,,,,,,,,,,,,,,,,,,,,,,,,,,,,,,,,,,,,,,,,,,,,,,,
234,,,,,s79,,,,,s73,,,,,,s83,,,,,,,,,s86,,s78,,s85,,,,,,,s89,,,s87,s84,,,,,,,88,82,462,81,,,,,,71,,,,,,,,70,,,75,,,,,72,,76,74,,77,,80,,,,,,,,,,,,,,,,,,
235,,,,,,,,,,,,,,,,s83,,,,,,,,,s86,,,,s85,,,,,,,s89,,,s87,s84,,,,,,,88,82,,81,,,,,,,,,,,,,,,,,,,,,,,,,,,463,,80,,,,,,,,,,,,,,,,,,
236,,,,,,,,,,,,,,,,,,,,,,,,,,,s465,,,,,,,,,,,,,,,,,,,,,,,,,,,,,464,,,,,,,,,,,,,,,,,,,,,,,,,,,,,,,,,,,,,,,,,
237,,,,,,,,,,,,,,,,s83,,,,,,,,,s86,,,,s85,,,,,,,s89,,,s87,s84,,,,,,,88,82,,81,,,,,,,,,,,,,,,,,,,,,,,,,,,,,466,,,,,,,,,,,,,,,,,,
238,,,,,,,,,,,,,,,,,,,,,,,,,,,,s467,,,,,,,,,,,,,,,,,,,,,,,,,,,,,,,,,,,,,,,,,,,,,,,,,,,,,,,,,,,,,,,,,,,,,
239,,,,,,,,,,,,,,,,,,,,,,,,,,,,s468,,,,,,,,,,,,,,,,,,,,,,,,,,,,,,,,,,,,,,,,,,,,,,,,,,,,,,,,,,,,,,,,,,,,,
240,,,,,s151,,,,,s145,,,,,,s155,,,,,,,,,s158,,s150,,s157,,,,,,,s161,,,s159,s156,,,,,,,160,154,469,153,,,,,,143,,,,,,,,142,,,147,,,,,144,,148,146,,149,,152,,,,,,,,,,,,,,,,,,
241,,,,,,,,,,,,,,,,,,s127,s128,s124,s126,s125,s121,,,,s320,,,,,,,,,,,,,,,,,,,,,,,,,,,,,,,,,,,,,,,,,,,,,,319,470,,,,,,,,,,,,,,,,,,,,,,,
242,r9,r9,r9,,,,,,,,,,,r9,r9,r9,r9,r9,r9,r9,r9,r9,r9,r9,,,,,r9,,,,,,,r9,,,r9,,r9,,,,,,,,,,,,,,,,,,,,,,,,,,,,,,,,,,,,,,,,,,,,,,,,,,,,,,,,
243,,,,,,,,,,,,,,,,,,,,,,,,,,,,,,,,,,,,,,,s471,,,,,,,,,,,,,,,,,,,,,,,,,,,,,,,,,,,,,,,,,,,,,,,,,,,,,,,,,,
244,,,,,s382,,,,,s376,,,,,,s386,,,,,,,,,s389,,s381,,s388,,,,,,,s392,,,s390,s387,,,,,,,391,385,472,384,,,,,,374,,,,,,,,373,,,378,,,,,375,,379,377,,380,,383,,,,,,,,,,,,,,,,,,
245,,,,,s195,,,,,s189,,,,,,s183,,,,,,,,,s201,r126,s194,,s200,,,,,,,s204,,,s202,s199,,,,,,,203,198,254,197,,,,,,187,,,,,,,,186,,,191,,,,,188,,192,190,,193,,196,,473,,,,,,,,,,,,,,,,
246,r11,r11,r11,,,,,,,,,,,r11,r11,r11,r11,r11,r11,r11,r11,r11,r11,r11,,,,,r11,,,,,,,r11,,,r11,,r11,,,,,,,,,,,,,,,,,,,,,,,,,,,,,,,,,,,,,,,,,,,,,,,,,,,,,,,,
247,r65,r65,r65,,,,,,,,,,,r65,r65,r65,r65,r65,r65,r65,r65,r65,r65,r65,,,,,r65,,,,,,,r65,,,r65,,r65,,,,,,,,,,,,,,,,,,,,,,,,,,,,,,,,,,,,,,,,,,,,,,,,,,,,,,,,
248,,,s474,,,,,,,,,,,,,s249,,,,,,,,,s245,,,,s250,,,,,,,s89,,,s87,s248,,,,,,,88,247,,475,,,,,,,,,,,,,,,,,,,,,,,,,,,,,,,,,,,,,,,,,,,,,,,
249,,,,,,,,,,,,,,,,s249,,,,,,,,,s245,,,,s250,,,,,,,s89,,,s87,s248,,,,,,,88,247,,476,,,,,,,,,,,,,,,,,,,,,,,,,,,,,,,,,,,,,,,,,,,,,,,
250,,,,,s223,,,,,s219,,,,,,s227,,,,,,,,,s230,,s222,,s229,r76,,,,,,s233,,,s231,s228,,,,,,,232,226,215,225,,,,,,212,,,,,,,,211,,,216,,,,,213,,218,220,,221,,224,477,,,217,,,,,,,,,,,,,,
251,,,,,,,,,,,,,,,,s83,,,,,,,,,s86,,,,s85,,,,,,,s89,,,s87,s84,,,,,,,88,82,,478,,,,,,,,,,,,,,,,,,,,,,,,,,,,,,,,,,,,,,,,,,,,,,,
252,r68,r68,r68,,,,,,,,,,,r68,r68,r68,r68,r68,r68,r68,r68,r68,r68,r68,,,,,,,,,,,,r68,,,r68,,r68,,,,,,,,,,,,,,,,,,,,,,,,,,,,,,,,,,,,,,,,,,,,,,,,,,,,,,,,
253,,,,,,,,,,,,,,,,,,,,,,,,,,,,,,s479,,,,,,,,,,,,,,,,,,,,,,,,,,,,,,,,,,,,,,,,,,,,,,,,,,,,,,,,,,,,,,,,,,,
254,,,,,,,,,,,,,,,,,,s127,s128,s124,s126,s125,s121,,,s480,,,,,,s409,,,,,,,,,,,,,,,,,,,,,,,,,,,,,,,,,,,,,,,,,410,,,,,,,,,,,,,,,,,,,,,,,,
255,,,,,,,,,,,,,,,,,,,,,,,,,,s481,,,,,,,,,,,,,,,,,,,,,,,,,,,,,,,,,,,,,,,,,,,,,,,,,,,,,,,,,,,,,,,,,,,,,,,
256,,,,,s195,,,,,s189,,,,,,s183,,,,,,,,,s201,r90,s194,,s200,,,,,,,s204,,,s202,s199,,,,,,,203,198,371,197,,,,,,187,,,,,,,,186,,,191,,,,,188,,192,190,,193,,196,,,482,,,,,,,,,,,,,,,
257,,,,,,,,,,,,,,,,,,,,,,,,,,s483,,,,,,,,,,,,,,,,,,,,,,,,,,,,,,,,,,,,,,,,,,,,,,,,,,,,,,,,,,,,,,,,,,,,,,,
258,,,,,,,,,,,,,,,,,,,,,,,,,,r117,,,,,,s484,,,,,,,,,,,,,,,,,,,,,,,,,,,,,,,,,,,,,,,,,,,,,,,,,,,,,,,,,,,,,,,,,
259,,,s261,,,,,,,,,,,,,,,,,,,,,,,r116,,,,,,,,,,r25,,,,,,,,,,,,,,,,,,,,,485,258,260,,,,,,,,,,,,,,,,,,,,,,,,,,,,,,,,,,,259,,,
260,,,,,,,,,,,,,,,,,,,,,,,,,,,,,,,,,,,,s486,,,,,,,,,,,,,,,,,,,,,,,,,,,,,,,,,,,,,,,,,,,,,,,,,,,,,,,,,,,,,
261,,,,,,,,,,,,,,,,,,,,,,,,,,,,,,,,,,,,r24,,,,,,,,,,,,,,,,,,,,,,,,,,,,,,,,,,,,,,,,,,,,,,,,,,,,,,,,,,,,,
262,r48,r48,r48,,,,,,,,,,,,,,,,,,,,,,,,,,,,,,,,,r48,,,,,r48,,,,,,,,,,,,,,,,,,,,,,,,,,,,,,,,,,,,,,,,,,,,,,,,,,,,,,,,
263,,,,,s106,,,,,s100,,,,,,s110,,,,,,,,,s113,,s105,,s112,,,,,,,s116,,,s114,s111,,,,,,,115,109,487,108,,,,,,98,,,,,,,,97,,,102,,,,,99,,103,101,,104,,107,,,,,,,,,,,,,,,,,,
264,,,,,,,,,,,,,,,,,,,,,,,,,,,,,,,s488,,,,,,,,,,,,,,,,,,,,,,,,,,,,,,,,,,,,,,,,,,,,,,,,,,,,,,,,,,,,,,,,,,
265,,,,,,,,,,,,,,,,,,,,,,,,,s267,,,,s265,,,,,,,,s266,,,s268,,,,,489,,,,,,,,,,,,,,,,,,,,,,,,,,,,,,,,,,,,,,,,,,,,,,,,,,,,
266,,,,,,,,,,,,,,,,,,,,,,,,,,,,,,,r2,,,,,,,,,,,,,,,,,,,,,,,,,,,,,,,,,,,,,,,,,,,,,,,,,,,,,,,,,,,,,,,,,,
267,,,,,,,,,,,,,,,,,,,,,,,,,s273,r121,,,s269,,,,,,,,s270,,,s274,,,,,272,490,,,,,,,,,,,,,,,,,,,,,,,,,,,,,,,,,,,,,,,,,,,,,,,,,,,
268,,,s491,,,,,,,,,,,,,,,,,,,,,,s267,,,,s265,,,,,,,,s266,,,s268,,,,,492,,,,,,,,,,,,,,,,,,,,,,,,,,,,,,,,,,,,,,,,,,,,,,,,,,,,
269,,,,,,,,,,,,,,,,,,,,,,,,,s267,,,,s265,,,,,,,,s266,,,s268,,,,,493,,,,,,,,,,,,,,,,,,,,,,,,,,,,,,,,,,,,,,,,,,,,,,,,,,,,
270,,,,,,,,,,,,,,,,,,,,,,,,,,,,,,,,r2,,,,,,,,,,,,,,,,,,,,,,,,,,,,,,,,,,,,,,,,,,,,,,,,,,,,,,,,,,,,,,,,,
271,,,,,,,,,,,,,,,,,,,,,,,,,,s494,,,,,,,,,,,,,,,,,,,,,,,,,,,,,,,,,,,,,,,,,,,,,,,,,,,,,,,,,,,,,,,,,,,,,,,
272,,,,,,,,,,,,,,,,,,,,,,,,,,,,,,,,s495,,,,,,,,,,,,,,,,,,,,,,,,,,,,,,,,,,,,,,,,,,,,,,,,,,,,,,,,,,,,,,,,,
273,,,,,,,,,,,,,,,,,,,,,,,,,s273,r121,,,s269,,,,,,,,s270,,,s274,,,,,272,496,,,,,,,,,,,,,,,,,,,,,,,,,,,,,,,,,,,,,,,,,,,,,,,,,,,
274,,,s497,,,,,,,,,,,,,,,,,,,,,,s273,,,,s269,,,,,,,,s270,,,s274,,,,,498,,,,,,,,,,,,,,,,,,,,,,,,,,,,,,,,,,,,,,,,,,,,,,,,,,,,
275,,,,,,,,,,,,,,,,,,,,,,,,,s94,,,,s92,,,,,,,,s93,,,s95,,,,,499,,,,,,,,,,,,,,,,,,,,,,,,,,,,,,,,,,,,,,,,,,,,,,,,,,,,
276,,,,,,,,,,,,,r6,,,,,,,,,,,,,,,,,,r6,,,,,,,,,,,,,,,,,,,,,,,,,,,,,,,,,,,,,,,,,,,,,,,,,,,,,,,,,,,,,,,,,,
277,r44,r44,r44,,,,,,,,,,,,,,,,,,,,,,,,,,,,,,,,,r44,,,,,r44,,,,,,,,,,,,,,,,,,,,,,,,,,,,,,,,,,,,,,,,,,,,,,,,,,,,,,,,
278,,,,,s106,,,,,s100,,,,,,s110,,,,,,,,,s113,,s105,,s112,,,,,,,s116,,,s114,s111,,,,,,,115,109,500,108,,,,,,98,,,,,,,,97,,,102,,,,,99,,103,101,,104,,107,,,,,,,,,,,,,,,,,,
279,,,,,,,,,,,,,,,,s110,,,,,,,,,s113,,,,s112,,,,,,,s116,,,s114,s111,,,,,,,115,109,,108,,,,,,,,,,,,,,,,,,,,,,,,,,,501,,107,,,,,,,,,,,,,,,,,,
280,,,,,,,,,,,,,,,,,,,,,,,,,,,s503,,,,,,,,,,,,,,,,,,,,,,,,,,,,,502,,,,,,,,,,,,,,,,,,,,,,,,,,,,,,,,,,,,,,,,,
281,,,,,,,,,,,,,,,,s110,,,,,,,,,s113,,,,s112,,,,,,,s116,,,s114,s111,,,,,,,115,109,,108,,,,,,,,,,,,,,,,,,,,,,,,,,,,,504,,,,,,,,,,,,,,,,,,
282,,,,,,,,,,,,,,,,,,,,,,,,,,,,s505,,,,,,,,,,,,,,,,,,,,,,,,,,,,,,,,,,,,,,,,,,,,,,,,,,,,,,,,,,,,,,,,,,,,,
283,,,,,,,,,,,,,,,,,,,,,,,,,,,,s506,,,,,,,,,,,,,,,,,,,,,,,,,,,,,,,,,,,,,,,,,,,,,,,,,,,,,,,,,,,,,,,,,,,,,
284,,,,,s151,,,,,s145,,,,,,s155,,,,,,,,,s158,,s150,,s157,,,,,,,s161,,,s159,s156,,,,,,,160,154,507,153,,,,,,143,,,,,,,,142,,,147,,,,,144,,148,146,,149,,152,,,,,,,,,,,,,,,,,,
285,,,,,,,,,,,,,,,,,,s127,s128,s124,s126,s125,s121,,,,s320,,,,,,,,,,,,,,,,,,,,,,,,,,,,,,,,,,,,,,,,,,,,,,319,508,,,,,,,,,,,,,,,,,,,,,,,
286,,,,,,,,,,,,,,r9,r9,r9,r9,r9,r9,r9,r9,r9,r9,r9,,,,,r9,,r9,,,,,,,,r9,,,,,,,,,,,,,,,,,,,,,,,,,,,,,,,,,,,,,,,,,,,,,,,,,,,,,,,,,,
287,,,,,,,,,,,,,,,,,,,,,,,,,,,,,,,,,,,,,,,s509,,,,,,,,,,,,,,,,,,,,,,,,,,,,,,,,,,,,,,,,,,,,,,,,,,,,,,,,,,
288,,,,,s382,,,,,s376,,,,,,s386,,,,,,,,,s389,,s381,,s388,,,,,,,s392,,,s390,s387,,,,,,,391,385,510,384,,,,,,374,,,,,,,,373,,,378,,,,,375,,379,377,,380,,383,,,,,,,,,,,,,,,,,,
289,,,,,s195,,,,,s189,,,,,,s183,,,,,,,,,s201,r126,s194,,s200,,,,,,,s204,,,s202,s199,,,,,,,203,198,298,197,,,,,,187,,,,,,,,186,,,191,,,,,188,,192,190,,193,,196,,511,,,,,,,,,,,,,,,,
290,,,,,,,,,,,,,,r11,r11,r11,r11,r11,r11,r11,r11,r11,r11,r11,,,,,r11,,r11,,,,,,,,r11,,,,,,,,,,,,,,,,,,,,,,,,,,,,,,,,,,,,,,,,,,,,,,,,,,,,,,,,,,
291,,,,,,,,,,,,,,r65,r65,r65,r65,r65,r65,r65,r65,r65,r65,r65,,,,,r65,,r65,,,,,,,,r65,,,,,,,,,,,,,,,,,,,,,,,,,,,,,,,,,,,,,,,,,,,,,,,,,,,,,,,,,,
292,,,s512,,,,,,,,,,,,,s293,,,,,,,,,s289,,,,s294,,,,,,,s116,,,s114,s292,,,,,,,115,291,,513,,,,,,,,,,,,,,,,,,,,,,,,,,,,,,,,,,,,,,,,,,,,,,,
293,,,,,,,,,,,,,,,,s293,,,,,,,,,s289,,,,s294,,,,,,,s116,,,s114,s292,,,,,,,115,291,,514,,,,,,,,,,,,,,,,,,,,,,,,,,,,,,,,,,,,,,,,,,,,,,,
294,,,,,s223,,,,,s219,,,,,,s227,,,,,,,,,s230,,s222,,s229,r76,,,,,,s233,,,s231,s228,,,,,,,232,226,215,225,,,,,,212,,,,,,,,211,,,216,,,,,213,,218,220,,221,,224,515,,,217,,,,,,,,,,,,,,
295,,,,,,,,,,,,,,,,s110,,,,,,,,,s113,,,,s112,,,,,,,s116,,,s114,s111,,,,,,,115,109,,516,,,,,,,,,,,,,,,,,,,,,,,,,,,,,,,,,,,,,,,,,,,,,,,
296,,,,,,,,,,,,,,r68,r68,r68,r68,r68,r68,r68,r68,r68,r68,r68,,,,,,,r68,,,,,,,,r68,,,,,,,,,,,,,,,,,,,,,,,,,,,,,,,,,,,,,,,,,,,,,,,,,,,,,,,,,,
297,,,,,,,,,,,,,,,,,,,,,,,,,,,,,,s517,,,,,,,,,,,,,,,,,,,,,,,,,,,,,,,,,,,,,,,,,,,,,,,,,,,,,,,,,,,,,,,,,,,
298,,,,,,,,,,,,,,,,,,s127,s128,s124,s126,s125,s121,,,s518,,,,,,s409,,,,,,,,,,,,,,,,,,,,,,,,,,,,,,,,,,,,,,,,,410,,,,,,,,,,,,,,,,,,,,,,,,
299,,,,,,,,,,,,,,,,,,,,,,,,,,s519,,,,,,,,,,,,,,,,,,,,,,,,,,,,,,,,,,,,,,,,,,,,,,,,,,,,,,,,,,,,,,,,,,,,,,,
300,,,,,s195,,,,,s189,,,,,,s183,,,,,,,,,s201,r90,s194,,s200,,,,,,,s204,,,s202,s199,,,,,,,203,198,371,197,,,,,,187,,,,,,,,186,,,191,,,,,188,,192,190,,193,,196,,,520,,,,,,,,,,,,,,,
301,,,,,,,,,,,,,,,,,,r54,r54,r54,r54,r54,r54,,,,,r54,,,r54,,,,,,,,,,,,,,,,,,,,,,,,,,,,,,,,,,,,,,,,,,123,,,,,,,,,,,,,,,,,,,,,,,,
302,,,,,,,,,,,,,,,,,,r56,r56,r56,r56,r56,r56,,,,,r56,,,r56,,,,,,,,,,,,,,,,,,,,,,,,,,,,,,,,,,,,,,,,,,,,,,,,,,,,,,,,,,,,,,,,,,
303,,,,,,,,,,,,,,,,,,,,,,,,,,,r107,,,,,,,,,,,,,,,,,,,,,,,,,,,,,,,,,,,,,,,,,,,,,,,,,,,,,,,,,,,,,,,,,521,,,,,
304,,,,,,,,,,,,,,,,,,r57,r57,r57,r57,r57,r57,,,,,r57,,,r57,,,,,,,,,,,,,,,,,,,,,,,,,,,,,,,,,,,,,,,,,,,,,,,,,,,,,,,,,,,,,,,,,,
305,,,,,r94,,,,,r94,,,,,,r94,,,,,,,,,r94,,r94,,r94,,,,,,,r94,,,r94,r94,,,,,,,160,154,141,153,,,,,,143,,,,,,,,142,,,147,,,,,144,,148,146,,149,,152,,,,,522,,,,,,,,,,,,,
306,,,,,,,,,,,,,,r64,r64,r64,r64,r64,r64,r64,r64,r64,r64,s429,,,,r64,,,r64,,,,,,,,s428,,,,,,,,,,,,,,,,,,,,,,,,,,,,,,,,,,,,,,,,,,,,,,,,,,,,,,,,,,
307,,r47,r47,r47,r47,,r47,r47,,r47,r47,r47,,,,r47,,,,,,,,,r47,,r47,r47,r47,,r47,,,,,r47,,,r47,r47,,,,,,,,,,,,,,,,,,,,,,,,,,,,,,,,,,,,,,,,,,,,,,,,,,,,,,,,,
308,,,,,,,,,,,,,,,,,,,,,,,,,s94,,,,s92,,,,,,,,s93,,,s95,,,,,523,,,,,,,,,,,,,,,,,,,,,,,,,,,,,,,,,,,,,,,,,,,,,,,,,,,,
309,,,,,s106,,,,,s100,,,,,,s110,,,,,,,,,s113,,s105,,s112,,,,,,,s116,,,s114,s111,,,,,,,115,109,524,108,,,,,,98,,,,,,,,97,,,102,,,,,99,,103,101,,104,,107,,,,,,,,,,,,,,,,,,
310,,r52,r52,r52,r52,,r52,r52,,r52,r52,r52,,,,r52,,,,,,,,,r52,,r52,r52,r52,,r52,,,,,r52,,,r52,r52,,,,,,,,,,,,,,,,,,,,,,,,,,,,,,,,,,,,,,,,,,,,,,,,,,,,,,,,,
311,,r41,r41,r41,r41,,r41,r41,,r41,r41,r41,,,,r41,,,,,,,,,r41,,r41,r41,r41,,r41,,,,,r41,,,r41,r41,,,,,,,,,,,,,,,,,,,,,,,,,,,,,,,,,,,,,,,,,,,,,,,,,,,,,,,,,
312,,,,,,,,,,,,,,,,,,s127,s128,s124,s126,s125,s121,,,,r102,,,,,,,,,,,,,,,,,,,,,,,,,,,,,,,,,,,,,,,,,,,,,,319,,,,,,,,,,,,,,,,525,,,,,,,,
313,,,,,,,,,,,,,,r60,r60,s165,s166,r60,r60,r60,r60,r60,r60,,,,,r60,,,r60,,,,,,,,,,,,,,,,,,,,,,,,,,,,,,,,,,,,,,,,,,,,,,,164,,,,,,,,,,,,,,,,,,,
314,,r106,r106,r106,r106,,r106,r106,,r106,r106,r106,,,,r106,,r106,r106,r106,r106,r106,r106,,r106,,r106,r106,r106,,r106,,,,,r106,,,r106,r106,,,,,,,,,,,,,,,,,,,,,,,,,,,,,,,,,,,,,,,,,,,,,,,,,,,,,,,,,
315,,s40,s12,s43,s532,,s46,s56,,s50,s45,s58,,,,s536,,,,,,,,,s113,,s105,r28,s112,,s33,,,,,s533,,,s114,s111,,,,,,,531,534,528,535,,,29,34,,98,,,,526,527,35,36,529,38,39,530,42,44,54,55,99,,103,101,,104,,107,,,,,,,,,,,,,,,,,,
316,,,,,,,,,,,,,,,,,,s127,s128,s124,s126,s125,s121,,,,,,,,s537,,,,,,,,,,,,,,,,,,,,,,,,,,,,,,,,,,,,,,,,,,278,,,,,,,,,,,,,,,,,,,,,,,,
317,,,,,,,,,,,,,,,,,,s127,s128,s124,s126,s125,s121,,,,r95,,,,,,,,,,,,,,,,,,,,,,,,,,,,,,,,,,,,,,,,,,,,,,319,,,,,,,,,,,,538,,,,,,,,,,,,
318,,,,,,s539,,,,,,,,,,,,,,,,,,,,,,,,,,,,,,,,,,,,,,,,,,,,,,,,,,,,,,,,,,,,,,,,,,,,,,,,,,,,,,,,,,,,,,,,,,,
319,,,,,s151,,,,,s145,,,,,,s155,,,,,,,,,s158,,s150,,s157,,,,,,,s161,,,s159,s156,,,,,,,160,154,540,153,,,,,,143,,,,,,,,142,,,147,,,,,144,,148,146,,149,,152,,,,,,,,,,,,,,,,,,
320,,s546,s12,s556,s53,,s545,s563,,s50,s558,s559,,,,s63,,,,,,,,,s66,,s59,,s68,,s548,,,,,s60,,,s65,s67,,,,,,,561,61,543,62,,,550,551,,48,,,,,541,549,552,544,553,554,547,555,557,560,562,47,,49,51,,57,,64,,,,,,,,,,,,,,542,,,,
321,,,,,,,,,,,,,,,,s155,,,,,,,,,s158,,,,s157,,,,,,,s161,,,s159,s156,,,,,,,160,154,,153,,,,,,,,,,,,,,,,,,,,,,,,,,,564,,152,,,,,,,,,,,,,,,,,,
322,,,,,,,,,,,,,,,,,,,,,,,,,,,s566,,,,,,,,,,,,,,,,,,,,,,,,,,,,,565,,,,,,,,,,,,,,,,,,,,,,,,,,,,,,,,,,,,,,,,,
323,,,,,,,,,,,,,,,,s155,,,,,,,,,s158,,,,s157,,,,,,,s161,,,s159,s156,,,,,,,160,154,,153,,,,,,,,,,,,,,,,,,,,,,,,,,,,,567,,,,,,,,,,,,,,,,,,
324,,,,,,,,,,,,,,,,,,,,,,,,,,,,s568,,,,,,,,,,,,,,,,,,,,,,,,,,,,,,,,,,,,,,,,,,,,,,,,,,,,,,,,,,,,,,,,,,,,,
325,,,,,,,,,,,,,,,,,,,,,,,,,,,,s569,,,,,,,,,,,,,,,,,,,,,,,,,,,,,,,,,,,,,,,,,,,,,,,,,,,,,,,,,,,,,,,,,,,,,
326,,,,,s151,,,,,s145,,,,,,s155,,,,,,,,,s158,,s150,,s157,,,,,,,s161,,,s159,s156,,,,,,,160,154,570,153,,,,,,143,,,,,,,,142,,,147,,,,,144,,148,146,,149,,152,,,,,,,,,,,,,,,,,,
327,,,,,,,,,,,,,,,,,,s127,s128,s124,s126,s125,s121,,,,s320,,,,,,,,,,,,,,,,,,,,,,,,,,,,,,,,,,,,,,,,,,,,,,319,571,,,,,,,,,,,,,,,,,,,,,,,
328,,,,,,,,,,,,,,r9,r9,r9,r9,r9,r9,r9,r9,r9,r9,r9,,,r9,,r9,,,,,,,,,,r9,,,,,,,,,,,,,,,,,,,,,,,,,,,,,,,,,,,,,,,,,,,,,,,,,,,,,,,,,,
329,,,,,,,,,,,,,,,,,,,,,,,,,,,,,,,,,,,,,,,s572,,,,,,,,,,,,,,,,,,,,,,,,,,,,,,,,,,,,,,,,,,,,,,,,,,,,,,,,,,
330,,,,,s382,,,,,s376,,,,,,s386,,,,,,,,,s389,,s381,,s388,,,,,,,s392,,,s390,s387,,,,,,,391,385,573,384,,,,,,374,,,,,,,,373,,,378,,,,,375,,379,377,,380,,383,,,,,,,,,,,,,,,,,,
331,,,,,s195,,,,,s189,,,,,,s183,,,,,,,,,s201,r126,s194,,s200,,,,,,,s204,,,s202,s199,,,,,,,203,198,340,197,,,,,,187,,,,,,,,186,,,191,,,,,188,,192,190,,193,,196,,574,,,,,,,,,,,,,,,,
332,,,,,,,,,,,,,,r11,r11,r11,r11,r11,r11,r11,r11,r11,r11,r11,,,r11,,r11,,,,,,,,,,r11,,,,,,,,,,,,,,,,,,,,,,,,,,,,,,,,,,,,,,,,,,,,,,,,,,,,,,,,,,
333,,,,,,,,,,,,,,r65,r65,r65,r65,r65,r65,r65,r65,r65,r65,r65,,,r65,,r65,,,,,,,,,,r65,,,,,,,,,,,,,,,,,,,,,,,,,,,,,,,,,,,,,,,,,,,,,,,,,,,,,,,,,,
334,,,s575,,,,,,,,,,,,,s335,,,,,,,,,s331,,,,s336,,,,,,,s161,,,s159,s334,,,,,,,160,333,,576,,,,,,,,,,,,,,,,,,,,,,,,,,,,,,,,,,,,,,,,,,,,,,,
335,,,,,,,,,,,,,,,,s335,,,,,,,,,s331,,,,s336,,,,,,,s161,,,s159,s334,,,,,,,160,333,,577,,,,,,,,,,,,,,,,,,,,,,,,,,,,,,,,,,,,,,,,,,,,,,,
336,,,,,s223,,,,,s219,,,,,,s227,,,,,,,,,s230,,s222,,s229,r76,,,,,,s233,,,s231,s228,,,,,,,232,226,215,225,,,,,,212,,,,,,,,211,,,216,,,,,213,,218,220,,221,,224,578,,,217,,,,,,,,,,,,,,
337,,,,,,,,,,,,,,,,s155,,,,,,,,,s158,,,,s157,,,,,,,s161,,,s159,s156,,,,,,,160,154,,579,,,,,,,,,,,,,,,,,,,,,,,,,,,,,,,,,,,,,,,,,,,,,,,
338,,,,,,,,,,,,,,r68,r68,r68,r68,r68,r68,r68,r68,r68,r68,r68,,,r68,,,,,,,,,,,,r68,,,,,,,,,,,,,,,,,,,,,,,,,,,,,,,,,,,,,,,,,,,,,,,,,,,,,,,,,,
339,,,,,,,,,,,,,,,,,,,,,,,,,,,,,,s580,,,,,,,,,,,,,,,,,,,,,,,,,,,,,,,,,,,,,,,,,,,,,,,,,,,,,,,,,,,,,,,,,,,
340,,,,,,,,,,,,,,,,,,s127,s128,s124,s126,s125,s121,,,s581,,,,,,s409,,,,,,,,,,,,,,,,,,,,,,,,,,,,,,,,,,,,,,,,,410,,,,,,,,,,,,,,,,,,,,,,,,
341,,,,,,,,,,,,,,,,,,,,,,,,,,s582,,,,,,,,,,,,,,,,,,,,,,,,,,,,,,,,,,,,,,,,,,,,,,,,,,,,,,,,,,,,,,,,,,,,,,,
342,,,,,s195,,,,,s189,,,,,,s183,,,,,,,,,s201,r90,s194,,s200,,,,,,,s204,,,s202,s199,,,,,,,203,198,371,197,,,,,,187,,,,,,,,186,,,191,,,,,188,,192,190,,193,,196,,,583,,,,,,,,,,,,,,,
343,,r45,r45,r45,r45,,r45,r45,,r45,r45,r45,,,,r45,,s127,s128,s124,s126,s125,s121,,r45,,r45,r45,r45,,r45,,,,,r45,,,r45,r45,,,,,,,,,,,,,,,,,,,,,,,,,,,,,,,,,584,,,,,,,,,,,,,,,,,,,,,,,,
344,,r56,r56,r56,r56,,r56,r56,,r56,r56,r56,,,,r56,,r56,r56,r56,r56,r56,r56,,r56,,r56,r56,r56,,r56,,,,,r56,,,r56,r56,,,,,,,,,,,,,,,,,,,,,,,,,,,,,,,,,,,,,,,,,,,,,,,,,,,,,,,,,
345,,r55,r55,r55,r55,,r55,r55,,r55,r55,r55,,,,r55,,r55,r55,r55,r55,r55,r55,,r55,,r55,r55,r55,,r55,,,,,r55,,,r55,r55,,,,,,,,,,,,,,,,,,,,,,,,,,,,,,,,,,,,,,,,,,,,,,,,,,,,,,,,,
346,,r53,r53,r53,r53,,r53,r53,,r53,r53,r53,,s136,s137,r53,,r53,r53,r53,r53,r53,r53,,r53,,r53,r53,r53,,r53,,,,,r53,,,r53,r53,,,,,,,,,,,,,,,,,,,,,,,,,,,,,,,,,,,,585,,,,,,,,,,,,,,,,,,,,,
347,,r59,r59,r59,r59,,r59,r59,,r59,r59,r59,,,,r59,,r59,r59,r59,r59,r59,r59,,r59,,r59,r59,r59,,r59,,,,,r59,,,r59,r59,,,,,,,,,,,,,,,,,,,,,,,,,,,,,,,,,,,,,,,,,,,,,,,,,,,,,,,,,
348,,r57,r57,r57,r57,,r57,r57,,r57,r57,r57,,,,r57,,r57,r57,r57,r57,r57,r57,,r57,,r57,r57,r57,,r57,,,,,r57,,,r57,r57,,,,,,,,,,,,,,,,,,,,,,,,,,,,,,,,,,,,,,,,,,,,,,,,,,,,,,,,,
349,,r58,r58,r58,r58,,r58,r58,,r58,r58,r58,,,,r58,,r58,r58,r58,r58,r58,r58,,r58,,r58,r58,r58,,r58,,,,,r58,,,r58,r58,,,,,,,,,,,,,,,,,,,,,,,,,,,,,,,,,,,,,,,,,,,,,,,,,,,,,,,,,
350,,r61,r61,r61,r61,,r61,r61,,r61,r61,r61,,r61,r61,r61,s166,r61,r61,r61,r61,r61,r61,,r61,,r61,r61,r61,,r61,,,,,r61,,,r61,r61,,,,,,,,,,,,,,,,,,,,,,,,,,,,,,,,,,,,,,586,,,,,,,,,,,,,,,,,,,
351,,s40,s12,s43,s53,,s46,s56,,s50,s45,s58,,,,s63,,,,,,,,,s66,,s59,r28,s68,,s33,,,,,s60,,,s65,s67,,,,,,,52,61,32,62,,,29,34,,48,,,,526,30,35,36,37,38,39,41,42,44,54,55,47,,49,51,,57,,64,,,,,,,,,,,,,,587,,,,
352,,,,,r94,,,,,r94,,,,,,r94,,,,,,,,,r94,,r94,,r94,,,,,,,r94,,,r94,r94,,,,,,,160,154,588,153,,,,,,143,,,,,,,,142,,,147,,,,,144,,148,146,,149,,152,,,,,140,,,,,,,,,,,,,
353,,r63,r63,r63,r63,,r63,r63,,r63,r63,r63,,r63,r63,r63,r63,r63,r63,r63,r63,r63,r63,,r63,,r63,r63,r63,,r63,,,,,r63,,,r63,r63,,,,,,,,,,,,,,,,,,,,,,,,,,,,,,,,,,,,,,,,,,,,,,,,,,,,,,,,,
354,,r64,r64,r64,r64,,r64,r64,,r64,r64,r64,,r64,r64,r64,r64,r64,r64,r64,r64,r64,r64,s590,r64,,r64,r64,r64,,r64,,,,,r64,,,r64,r64,,,,,,,,,,,,,,,,,,,,,,,,,,,,,,,,,,,,,,,,,,,,,,,,,,,,,,,,,
355,,r65,r65,r65,r65,,r65,r65,,r65,r65,r65,,r65,r65,r65,r65,r65,r65,r65,r65,r65,r65,r65,r65,,r65,r65,r65,,r65,,,,,r65,,,r65,r65,,,,,,,,,,,,,,,,,,,,,,,,,,,,,,,,,,,,,,,,,,,,,,,,,,,,,,,,,
356,,,,,,,,,,,,,,,,s356,,,,,,,,,s359,,,,s358,,,,,,,s362,,,s360,s357,,,,,,,361,355,,592,,,,,,,,,,,,,,,,,,,,,,,,,,,,,,,,,,,,,,,,,,,,,,,
357,,,s593,,,,,,,,,,,,,s356,,,,,,,,,s359,,,,s358,,,,,,,s362,,,s360,s357,,,,,,,361,355,,594,,,,,,,,,,,,,,,,,,,,,,,,,,,,,,,,,,,,,,,,,,,,,,,
358,,,,,s223,,,,,s219,,,,,,s227,,,,,,,,,s230,,s222,,s229,r76,,,,,,s233,,,s231,s228,,,,,,,232,226,215,225,,,,,,212,,,,,,,,211,,,216,,,,,213,,218,220,,221,,224,595,,,217,,,,,,,,,,,,,,
359,,,,,s195,,,,,s189,,,,,,s183,,,,,,,,,s201,r126,s194,,s200,,,,,,,s204,,,s202,s199,,,,,,,203,198,596,197,,,,,,187,,,,,,,,186,,,191,,,,,188,,192,190,,193,,196,,597,,,,,,,,,,,,,,,,
360,,r71,r71,r71,r71,,r71,r71,,r71,r71,r71,,r71,r71,r71,r71,r71,r71,r71,r71,r71,r71,r71,r71,,r71,r71,r71,,r71,,,,,r71,,,r71,r71,,,,,,,,,,,,,,,,,,,,,,,,,,,,,,,,,,,,,,,,,,,,,,,,,,,,,,,,,
361,,r72,r72,r72,r72,,r72,r72,,r72,r72,r72,,r72,r72,r72,r72,r72,r72,r72,r72,r72,r72,r72,r72,,r72,r72,r72,,r72,,,,,r72,,,r72,r72,,,,,,,,,,,,,,,,,,,,,,,,,,,,,,,,,,,,,,,,,,,,,,,,,,,,,,,,,
362,,r7,r7,r7,r7,,r7,r7,,r7,r7,r7,,r7,r7,r7,r7,r7,r7,r7,r7,r7,r7,r7,r7,,r7,r7,r7,,r7,,,,,r7,,,r7,r7,,,,,,,,,,,,,,,,,,,,,,,,,,,,,,,,,,,,,,,,,,,,,,,,,,,,,,,,,
363,,,,,,,,,s599,,,,,,,,,,,,,,,,,,,,,,,,,,,,,,,,,,,,,,,,,,,,,,,,,,,,,,,,,,,,,,,,,,,,,,,,,,,,,,,,,,,,,,,,
364,,,,,,,,,,,,,,,,,,,,,,,,,,,,,,,,,,,s600,,,,,,,,,,,,,,,,,,,,,,,,,,,,,,,,,,,,,,,,,,,,,,,,,,,,,,,,,,,,,,
365,,,s602,,,,,,,,,,,,,,,,,,,,,,,,,,,,,,,,,s603,,,,,,,,,,,,,,,,,,,,,,,,,,,,,,,,,,601,,,,,,,,,,,,,,,,,,,,,,,,,,,
366,,,,,,,,,,,,,,,,,,,,,,,,,,,,,,,,,,,r46,,,,,,,,,,,,,,,,,,,,,,,,,,,,,,,,,,,,,,,,,,,,,,,,,,,,,,,,,,,,,,
367,,,,,,,,,,,,,,r62,r62,r62,r62,r62,r62,r62,r62,r62,r62,,,,,r62,,,r62,,,,,,,,,,,,,,,,,,,,,,,,,,,,,,,,,,,,,,,,,,,,,,,,,,,,,,,,,,,,,,,,,,
368,,,,,,,,,,,,,,,,,,r26,r26,r26,r26,r26,r26,,,,,r26,,,r26,,,,,,,,,,,,,,,,,,,,,,,,,,,,,,,,,,,,,,,,,,,,,,,,,,,,,,,,,,,,,,,,,,
369,,,,,,,,,,,,,,,,,,r110,r110,r110,r110,r110,r110,,,,,r110,,,r110,,,,,,,,,,,,,,,,,,,,,,,,,,,,,,,,,,,,,,,,,,,,,,,,,,,,,,,,,,,,,,,,,,
370,,,,,,,,,,,,,,,,,,,,,,,,,,s604,,,,,,,,,,,,,,,,,,,,,,,,,,,,,,,,,,,,,,,,,,,,,,,,,,,,,,,,,,,,,,,,,,,,,,,
371,,,,,,,,,,,,,,,,,,s127,s128,s124,s126,s125,s121,,,r91,,,,,,s605,,,,,,,,,,,,,,,,,,,,,,,,,,,,,,,,,,,,,,,,,410,,,,,,,,,,,,,,,,,,,,,,,,
372,,,,,,,,,,,,,,,,,,s127,s128,s124,s126,s125,s121,,,,,,,s606,,,,,,,,,,,,,,,,,,,,,,,,,,,,,,,,,,,,,,,,,,,607,,,,,,,,,,,,,,,,,,,,,,,,
373,,,,,,,,,,,,,,,,,,r56,r56,r56,r56,r56,r56,,,,,,,r56,,,,,,,,,,,,,,,,,,,,,,,,,,,,,,,,,,,,,,,,,,,,,,,,,,,,,,,,,,,,,,,,,,,
374,,,,,,,,,,,,,,,,,,r55,r55,r55,r55,r55,r55,,,,,,,r55,,,,,,,,,,,,,,,,,,,,,,,,,,,,,,,,,,,,,,,,,,,,,,,,,,,,,,,,,,,,,,,,,,,
375,,,,,,,,,,,,,,s136,s137,,,r53,r53,r53,r53,r53,r53,,,,,,,r53,,,,,,,,,,,,,,,,,,,,,,,,,,,,,,,,,,,,,,,,,,,,,,608,,,,,,,,,,,,,,,,,,,,,
376,,,,,,,,,,,,,,,,,,,,,,,,,,,r107,,,,,,,,,,,,,,,,,,,,,,,,,,,,,,,,,,,,,,,,,,,,,,,,,,,,,,,,,,,,,,,,,609,,,,,
377,,,,,,,,,,,,,,,,,,r59,r59,r59,r59,r59,r59,,,,,,,r59,,,,,,,,,,,,,,,,,,,,,,,,,,,,,,,,,,,,,,,,,,,,,,,,,,,,,,,,,,,,,,,,,,,
378,,,,,,,,,,,,,,,,,,r57,r57,r57,r57,r57,r57,,,,,,,r57,,,,,,,,,,,,,,,,,,,,,,,,,,,,,,,,,,,,,,,,,,,,,,,,,,,,,,,,,,,,,,,,,,,
379,,,,,,,,,,,,,,,,,,r58,r58,r58,r58,r58,r58,,,,,,,r58,,,,,,,,,,,,,,,,,,,,,,,,,,,,,,,,,,,,,,,,,,,,,,,,,,,,,,,,,,,,,,,,,,,
380,,,,,,,,,,,,,,r61,r61,s165,s166,r61,r61,r61,r61,r61,r61,,,,,,,r61,,,,,,,,,,,,,,,,,,,,,,,,,,,,,,,,,,,,,,,,,,,,,,,,610,,,,,,,,,,,,,,,,,,,
381,,s40,s12,s43,s53,,s46,s56,,s50,s45,s58,,,,s63,,,,,,,,,s66,,s59,r28,s68,,s33,,,,,s60,,,s65,s67,,,,,,,52,61,32,62,,,29,34,,48,,,,611,30,35,36,37,38,39,41,42,44,54,55,47,,49,51,,57,,64,,,,,,,,,,,,,,612,,,,
382,,,,,r94,,,,,r94,,,,,,r94,,,,,,,,,r94,,r94,,r94,,,,,,,r94,,,r94,r94,,,,,,,160,154,614,153,,,,,,143,,,,,,,,142,,,147,,,,,144,,148,146,,149,,152,,,,,613,,,,,,,,,,,,,
383,,,,,,,,,,,,,,r63,r63,r63,r63,r63,r63,r63,r63,r63,r63,,,,,,,r63,,,,,,,,,,,,,,,,,,,,,,,,,,,,,,,,,,,,,,,,,,,,,,,,,,,,,,,,,,,,,,,,,,,
384,,,,,,,,,,,,,,r64,r64,r64,r64,r64,r64,r64,r64,r64,r64,s616,,,,,,r64,,,,,,,,,s615,,,,,,,,,,,,,,,,,,,,,,,,,,,,,,,,,,,,,,,,,,,,,,,,,,,,,,,,,,
385,,,,,,,,,,,,,,r65,r65,r65,r65,r65,r65,r65,r65,r65,r65,r65,,,,,s617,r65,,,,,,,,,r65,,,,,,,,,,,,,,,,,,,,,,,,,,,,,,,,,,,,,,,,,,,,,,,,,,,,,,,,,,
386,,,,,,,,,,,,,,,,s622,,,,,,,,,s618,,,,s623,,,,,,,s392,,,s390,s621,,,,,,,391,620,,619,,,,,,,,,,,,,,,,,,,,,,,,,,,,,,,,,,,,,,,,,,,,,,,
387,,,s624,,,,,,,,,,,,,s386,,,,,,,,,s389,,,,s388,,,,,,,s392,,,s390,s387,,,,,,,391,385,,625,,,,,,,,,,,,,,,,,,,,,,,,,,,,,,,,,,,,,,,,,,,,,,,
388,,,,,s223,,,,,s219,,,,,,s227,,,,,,,,,s230,,s222,,s229,r76,,,,,,s233,,,s231,s228,,,,,,,232,226,215,225,,,,,,212,,,,,,,,211,,,216,,,,,213,,218,220,,221,,224,626,,,217,,,,,,,,,,,,,,
389,,,,,s195,,,,,s189,,,,,,s183,,,,,,,,,s201,r126,s194,,s200,,,,,,,s204,,,s202,s199,,,,,,,203,198,627,197,,,,,,187,,,,,,,,186,,,191,,,,,188,,192,190,,193,,196,,628,,,,,,,,,,,,,,,,
390,,,,,,,,,,,,,,r71,r71,r71,r71,r71,r71,r71,r71,r71,r71,r71,,,,,r71,r71,,,,,,,,,r71,,,,,,,,,,,,,,,,,,,,,,,,,,,,,,,,,,,,,,,,,,,,,,,,,,,,,,,,,,
391,,,,,,,,,,,,,,r72,r72,r72,r72,r72,r72,r72,r72,r72,r72,r72,,,,,r72,r72,,,,,,,,,r72,,,,,,,,,,,,,,,,,,,,,,,,,,,,,,,,,,,,,,,,,,,,,,,,,,,,,,,,,,
392,,,,,,,,,,,,,,r7,r7,r7,r7,r7,r7,r7,r7,r7,r7,r7,s629,,,,r7,r7,,,,,,,,,r7,,,,,,,,,,,,,,,,,,,,,,,,,,,,,,,,,,,,,,,,,,,,,,,,,,,,,,,,,,
393,,,,,,,,,,,,,r10,r10,r10,r10,r10,r10,r10,r10,r10,r10,r10,r10,,,,r10,r10,,r10,,,,,,,,r10,,,,,,,,,,,,,,,,,,,,,,,,,,,,,,,,,,,,,,,,,,,,,,,,,,,,,,,,,,
394,,,,,,,,,,,,,,,,,,s127,s128,s124,s126,s125,s121,,,s630,,,,,,s409,,,,,,,,,,,,,,,,,,,,,,,,,,,,,,,,,,,,,,,,,410,,,,,,,,,,,,,,,,,,,,,,,,
395,,,,,,,,,,,,,,,,,,,,,,,,,,s631,,,,,,,,,,,,,,,,,,,,,,,,,,,,,,,,,,,,,,,,,,,,,,,,,,,,,,,,,,,,,,,,,,,,,,,
396,,,,,,,,,,,,,,,,s179,,,,,,,,,s174,,,,s180,,,,,,,s182,,,s176,s178,,,,,,,181,177,,632,,,,,,,,,,,,,,,,,,,,,,,,,,,,,,,,,,,,,,,,,,,,,,,
397,,,,,,,,,,,,,r68,r68,r68,r68,r68,r68,r68,r68,r68,r68,r68,r68,,,,r68,r68,,r68,,,,,,,,r68,,,,,,,,,,,,,,,,,,,,,,,,,,,,,,,,,,,,,,,,,,,,,,,,,,,,,,,,,,
398,,,,,,,,,,,,,r11,r11,r11,r11,r11,r11,r11,r11,r11,r11,r11,r11,,,,r11,r11,,r11,,,,,,,,r11,,,,,,,,,,,,,,,,,,,,,,,,,,,,,,,,,,,,,,,,,,,,,,,,,,,,,,,,,,
399,,,,,,,,,,,,,,,,,,,,,,,,,,,,,,s633,,,,,,,,,,,,,,,,,,,,,,,,,,,,,,,,,,,,,,,,,,,,,,,,,,,,,,,,,,,,,,,,,,,
400,,,,,s195,,,,,s189,,,,,,s183,,,,,,,,,s201,r90,s194,,s200,,,,,,,s204,,,s202,s199,,,,,,,203,198,371,197,,,,,,187,,,,,,,,186,,,191,,,,,188,,192,190,,193,,196,,,634,,,,,,,,,,,,,,,
401,,,,,s195,,,,,s189,,,,,,s183,,,,,,,,,s201,r126,s194,,s200,,,,,,,s204,,,s202,s199,,,,,,,203,198,424,197,,,,,,187,,,,,,,,186,,,191,,,,,188,,192,190,,193,,196,,635,,,,,,,,,,,,,,,,
402,,,,,,,,,,,,,,r11,r11,r11,r11,r11,r11,r11,r11,r11,r11,r11,,r11,,,r11,,,r11,,,,,,,r11,,,,,,,,,,,,,,,,,,,,,,,,,,,,,,,,,,,,,,,,,,,,,,,,,,,,,,,,,,
403,,,,,,,,,,,,,,r65,r65,r65,r65,r65,r65,r65,r65,r65,r65,r65,,r65,,,r65,,,r65,,,,,,,r65,,,,,,,,,,,,,,,,,,,,,,,,,,,,,,,,,,,,,,,,,,,,,,,,,,,,,,,,,,
404,,,s636,,,,,,,,,,,,,s405,,,,,,,,,s401,,,,s406,,,,,,,s204,,,s202,s404,,,,,,,203,403,,637,,,,,,,,,,,,,,,,,,,,,,,,,,,,,,,,,,,,,,,,,,,,,,,
405,,,,,,,,,,,,,,,,s405,,,,,,,,,s401,,,,s406,,,,,,,s204,,,s202,s404,,,,,,,203,403,,638,,,,,,,,,,,,,,,,,,,,,,,,,,,,,,,,,,,,,,,,,,,,,,,
406,,,,,s223,,,,,s219,,,,,,s227,,,,,,,,,s230,,s222,,s229,r76,,,,,,s233,,,s231,s228,,,,,,,232,226,215,225,,,,,,212,,,,,,,,211,,,216,,,,,213,,218,220,,221,,224,639,,,217,,,,,,,,,,,,,,
407,,,,,,,,,,,,,,r70,r70,r70,r70,r70,r70,r70,r70,r70,r70,r70,,,,r70,,,r70,,,,,,,,r70,,,,,,,,,,,,,,,,,,,,,,,,,,,,,,,,,,,,,,,,,,,,,,,,,,,,,,,,,,
408,,,,,,,,,,,,,,r73,r73,r73,r73,r73,r73,r73,r73,r73,r73,r73,,,,r73,r73,,r73,,,,,,,,r73,,,,,,,,,,,,,,,,,,,,,,,,,,,,,,,,,,,,,,,,,,,,,,,,,,,,,,,,,,
409,,,,,s195,,,,,s189,,,,,,s183,,,,,,,,,s201,r128,s194,,s200,,,,,,,s204,,,s202,s199,,,,,,,203,198,641,197,,,,,,187,,,,,,,,186,,,191,,,,,188,,192,190,,193,,196,,,,,,,,,,,,,,,,,640,
410,,,,,s195,,,,,s189,,,,,,s183,,,,,,,,,s201,,s194,,s200,,,,,,,s204,,,s202,s199,,,,,,,203,198,642,197,,,,,,187,,,,,,,,186,,,191,,,,,188,,192,190,,193,,196,,,,,,,,,,,,,,,,,,
411,,,,,,,,,,,,,,,,s183,,,,,,,,,s201,,,,s200,,,,,,,s204,,,s202,s199,,,,,,,203,198,,197,,,,,,,,,,,,,,,,,,,,,,,,,,,643,,196,,,,,,,,,,,,,,,,,,
412,,,,,,,,,,,,,,,,,,,,,,,,,,,s645,,,,,,,,,,,,,,,,,,,,,,,,,,,,,644,,,,,,,,,,,,,,,,,,,,,,,,,,,,,,,,,,,,,,,,,
413,,,,,,,,,,,,,,,,s183,,,,,,,,,s201,,,,s200,,,,,,,s204,,,s202,s199,,,,,,,203,198,,197,,,,,,,,,,,,,,,,,,,,,,,,,,,,,646,,,,,,,,,,,,,,,,,,
414,,,,,,,,,,,,,,,,,,,,,,,,,,,,s647,,,,,,,,,,,,,,,,,,,,,,,,,,,,,,,,,,,,,,,,,,,,,,,,,,,,,,,,,,,,,,,,,,,,,
415,,,,,,,,,,,,,,,,,,,,,,,,,,,,s648,,,,,,,,,,,,,,,,,,,,,,,,,,,,,,,,,,,,,,,,,,,,,,,,,,,,,,,,,,,,,,,,,,,,,
416,,,,,s151,,,,,s145,,,,,,s155,,,,,,,,,s158,,s150,,s157,,,,,,,s161,,,s159,s156,,,,,,,160,154,649,153,,,,,,143,,,,,,,,142,,,147,,,,,144,,148,146,,149,,152,,,,,,,,,,,,,,,,,,
417,,,,,,,,,,,,,,,,,,s127,s128,s124,s126,s125,s121,,,,s320,,,,,,,,,,,,,,,,,,,,,,,,,,,,,,,,,,,,,,,,,,,,,,319,650,,,,,,,,,,,,,,,,,,,,,,,
418,,,,,,,,,,,,,,r9,r9,r9,r9,r9,r9,r9,r9,r9,r9,r9,,r9,,,r9,,,r9,,,,,,,r9,,,,,,,,,,,,,,,,,,,,,,,,,,,,,,,,,,,,,,,,,,,,,,,,,,,,,,,,,,
419,,,,,,,,,,,,,,,,,,,,,,,,,,,,,,,,,,,,,,,s651,,,,,,,,,,,,,,,,,,,,,,,,,,,,,,,,,,,,,,,,,,,,,,,,,,,,,,,,,,
420,,,,,s382,,,,,s376,,,,,,s386,,,,,,,,,s389,,s381,,s388,,,,,,,s392,,,s390,s387,,,,,,,391,385,652,384,,,,,,374,,,,,,,,373,,,378,,,,,375,,379,377,,380,,383,,,,,,,,,,,,,,,,,,
421,,,,,,,,,,,,,,,,s183,,,,,,,,,s201,,,,s200,,,,,,,s204,,,s202,s199,,,,,,,203,198,,653,,,,,,,,,,,,,,,,,,,,,,,,,,,,,,,,,,,,,,,,,,,,,,,
422,,,,,,,,,,,,,,r68,r68,r68,r68,r68,r68,r68,r68,r68,r68,r68,,r68,,,,,,r68,,,,,,,r68,,,,,,,,,,,,,,,,,,,,,,,,,,,,,,,,,,,,,,,,,,,,,,,,,,,,,,,,,,
423,,,,,,,,,,,,,,,,,,,,,,,,,,,,,,s654,,,,,,,,,,,,,,,,,,,,,,,,,,,,,,,,,,,,,,,,,,,,,,,,,,,,,,,,,,,,,,,,,,,
424,,,,,,,,,,,,,,,,,,s127,s128,s124,s126,s125,s121,,,s655,,,,,,s409,,,,,,,,,,,,,,,,,,,,,,,,,,,,,,,,,,,,,,,,,410,,,,,,,,,,,,,,,,,,,,,,,,
425,,,,,,,,,,,,,,,,,,,,,,,,,,s656,,,,,,,,,,,,,,,,,,,,,,,,,,,,,,,,,,,,,,,,,,,,,,,,,,,,,,,,,,,,,,,,,,,,,,,
426,,,,,s195,,,,,s189,,,,,,s183,,,,,,,,,s201,r90,s194,,s200,,,,,,,s204,,,s202,s199,,,,,,,203,198,371,197,,,,,,187,,,,,,,,186,,,191,,,,,188,,192,190,,193,,196,,,657,,,,,,,,,,,,,,,
427,,,,,,,,,,,,,,r67,r67,r67,r67,r67,r67,r67,r67,r67,r67,r67,,,,r67,,,r67,,,,,,,,r67,,,,,,,,,,,,,,,,,,,,,,,,,,,,,,,,,,,,,,,,,,,,,,,,,,,,,,,,,,
428,,,,,,,,,,,,,,r9,r9,r9,r9,r9,r9,r9,r9,r9,r9,r9,,,,r9,r9,,r9,,,,,,,,r9,,,,,,,,,,,,,,,,,,,,,,,,,,,,,,,,,,,,,,,,,,,,,,,,,,,,,,,,,,
429,,,,,,,,,,,,,,,,,,,,,,,,,,,,,,,,,,,,,,,s658,,,,,,,,,,,,,,,,,,,,,,,,,,,,,,,,,,,,,,,,,,,,,,,,,,,,,,,,,,
430,,,,,s382,,,,,s376,,,,,,s386,,,,,,,,,s389,,s381,,s388,,,,,,,s392,,,s390,s387,,,,,,,391,385,659,384,,,,,,374,,,,,,,,373,,,378,,,,,375,,379,377,,380,,383,,,,,,,,,,,,,,,,,,
431,,,,,s195,,,,,s189,,,,,,s183,,,,,,,,,s201,r126,s194,,s200,,,,,,,s204,,,s202,s199,,,,,,,203,198,185,197,,,,,,187,,,,,,,,186,,,191,,,,,188,,192,190,,193,,196,,660,,,,,,,,,,,,,,,,
432,,,,,,,,,,,,,,r11,r11,r11,r11,r11,r11,r11,r11,r11,r11,r11,,,,r11,r11,,r11,,,,,,,,r11,,,,,,,,,,,,,,,,,,,,,,,,,,,,,,,,,,,,,,,,,,,,,,,,,,,,,,,,,,
433,,,,,,,,,,,,,,r65,r65,r65,r65,r65,r65,r65,r65,r65,r65,r65,,,,r65,r65,,r65,,,,,,,,r65,,,,,,,,,,,,,,,,,,,,,,,,,,,,,,,,,,,,,,,,,,,,,,,,,,,,,,,,,,
434,,,s661,,,,,,,,,,,,,s435,,,,,,,,,s431,,,,s436,,,,,,,s210,,,s65,s434,,,,,,,209,433,,662,,,,,,,,,,,,,,,,,,,,,,,,,,,,,,,,,,,,,,,,,,,,,,,
435,,,,,,,,,,,,,,,,s435,,,,,,,,,s431,,,,s436,,,,,,,s210,,,s65,s434,,,,,,,209,433,,663,,,,,,,,,,,,,,,,,,,,,,,,,,,,,,,,,,,,,,,,,,,,,,,
436,,,,,s223,,,,,s219,,,,,,s227,,,,,,,,,s230,,s222,,s229,r76,,,,,,s233,,,s231,s228,,,,,,,232,226,215,225,,,,,,212,,,,,,,,211,,,216,,,,,213,,218,220,,221,,224,664,,,217,,,,,,,,,,,,,,
437,,,,,,,,,,,,,,,,s227,,,,,,,,,s230,,,,s229,,,,,,,s233,,,s231,s228,,,,,,,232,226,,225,,,,,,,,,,,,,,,,,,,,,,,,,,,665,,224,,,,,,,,,,,,,,,,,,
438,,,,,,,,,,,,,,r69,r69,r69,r69,r69,r69,r69,r69,r69,r69,r69,,,,r69,,,r69,,,,,,,,r69,,,,,,,,,,,,,,,,,,,,,,,,,,,,,,,,,,,,,,,,,,,,,,,,,,,,,,,,,,
439,,,,,s223,,,,,s219,,,,,,s227,,,,,,,,,s230,,s222,,s229,,,,,,,s233,,,s231,s228,,,,,,,232,226,666,225,,,,,,212,,,,,,,,211,,,216,,,,,213,,218,220,,221,,224,,,,,,,,,,,,,,,,,,
440,,,,,s223,,,,,s219,,,,,,s227,,,,,,,,,s230,,s222,,s229,r76,,,,,,s233,,,s231,s228,,,,,,,232,226,215,225,,,,,,212,,,,,,,,211,,,216,,,,,213,,218,220,,221,,224,667,,,217,,,,,,,,,,,,,,
441,,,,,,,,,,,,,,,,,,,,,,,,,,,s669,,,,,,,,,,,,,,,,,,,,,,,,,,,,,668,,,,,,,,,,,,,,,,,,,,,,,,,,,,,,,,,,,,,,,,,
442,,,,,,,,,,,,,,,,s227,,,,,,,,,s230,,,,s229,,,,,,,s233,,,s231,s228,,,,,,,232,226,,225,,,,,,,,,,,,,,,,,,,,,,,,,,,,,670,,,,,,,,,,,,,,,,,,
443,,,,,,,,,,,,,,,,,,,,,,,,,,,,s671,,,,,,,,,,,,,,,,,,,,,,,,,,,,,,,,,,,,,,,,,,,,,,,,,,,,,,,,,,,,,,,,,,,,,
444,,,,,,,,,,,,,,,,,,,,,,,,,,,,s672,,,,,,,,,,,,,,,,,,,,,,,,,,,,,,,,,,,,,,,,,,,,,,,,,,,,,,,,,,,,,,,,,,,,,
445,,,,,s151,,,,,s145,,,,,,s155,,,,,,,,,s158,,s150,,s157,,,,,,,s161,,,s159,s156,,,,,,,160,154,673,153,,,,,,143,,,,,,,,142,,,147,,,,,144,,148,146,,149,,152,,,,,,,,,,,,,,,,,,
446,,,,,,,,,,,,,,,,,,s127,s128,s124,s126,s125,s121,,,,s320,,,,,,,,,,,,,,,,,,,,,,,,,,,,,,,,,,,,,,,,,,,,,,319,674,,,,,,,,,,,,,,,,,,,,,,,
447,,,,,,,,,,,,,,r9,r9,r9,r9,r9,r9,r9,r9,r9,r9,r9,,,,,r9,r9,,r9,,,,,,,r9,,,,,,,,,,,,,,,,,,,,,,,,,,,,,,,,,,,,,,,,,,,,,,,,,,,,,,,,,,
448,,,,,,,,,,,,,,,,,,,,,,,,,,,,,,,,,,,,,,,s675,,,,,,,,,,,,,,,,,,,,,,,,,,,,,,,,,,,,,,,,,,,,,,,,,,,,,,,,,,
449,,,,,s382,,,,,s376,,,,,,s386,,,,,,,,,s389,,s381,,s388,,,,,,,s392,,,s390,s387,,,,,,,391,385,676,384,,,,,,374,,,,,,,,373,,,378,,,,,375,,379,377,,380,,383,,,,,,,,,,,,,,,,,,
450,,,,,s195,,,,,s189,,,,,,s183,,,,,,,,,s201,r126,s194,,s200,,,,,,,s204,,,s202,s199,,,,,,,203,198,459,197,,,,,,187,,,,,,,,186,,,191,,,,,188,,192,190,,193,,196,,677,,,,,,,,,,,,,,,,
451,,,,,,,,,,,,,,r11,r11,r11,r11,r11,r11,r11,r11,r11,r11,r11,,,,,r11,r11,,r11,,,,,,,r11,,,,,,,,,,,,,,,,,,,,,,,,,,,,,,,,,,,,,,,,,,,,,,,,,,,,,,,,,,
452,,,,,,,,,,,,,,r65,r65,r65,r65,r65,r65,r65,r65,r65,r65,r65,,,,,r65,r65,,r65,,,,,,,r65,,,,,,,,,,,,,,,,,,,,,,,,,,,,,,,,,,,,,,,,,,,,,,,,,,,,,,,,,,
453,,,s678,,,,,,,,,,,,,s454,,,,,,,,,s450,,,,s455,,,,,,,s233,,,s231,s453,,,,,,,232,452,,679,,,,,,,,,,,,,,,,,,,,,,,,,,,,,,,,,,,,,,,,,,,,,,,
454,,,,,,,,,,,,,,,,s454,,,,,,,,,s450,,,,s455,,,,,,,s233,,,s231,s453,,,,,,,232,452,,680,,,,,,,,,,,,,,,,,,,,,,,,,,,,,,,,,,,,,,,,,,,,,,,
455,,,,,s223,,,,,s219,,,,,,s227,,,,,,,,,s230,,s222,,s229,r76,,,,,,s233,,,s231,s228,,,,,,,232,226,215,225,,,,,,212,,,,,,,,211,,,216,,,,,213,,218,220,,221,,224,681,,,217,,,,,,,,,,,,,,
456,,,,,,,,,,,,,,,,s227,,,,,,,,,s230,,,,s229,,,,,,,s233,,,s231,s228,,,,,,,232,226,,682,,,,,,,,,,,,,,,,,,,,,,,,,,,,,,,,,,,,,,,,,,,,,,,
457,,,,,,,,,,,,,,r68,r68,r68,r68,r68,r68,r68,r68,r68,r68,r68,,,,,,r68,,r68,,,,,,,r68,,,,,,,,,,,,,,,,,,,,,,,,,,,,,,,,,,,,,,,,,,,,,,,,,,,,,,,,,,
458,,,,,,,,,,,,,,,,,,,,,,,,,,,,,,s683,,,,,,,,,,,,,,,,,,,,,,,,,,,,,,,,,,,,,,,,,,,,,,,,,,,,,,,,,,,,,,,,,,,
459,,,,,,,,,,,,,,,,,,s127,s128,s124,s126,s125,s121,,,s684,,,,,,s409,,,,,,,,,,,,,,,,,,,,,,,,,,,,,,,,,,,,,,,,,410,,,,,,,,,,,,,,,,,,,,,,,,
460,,,,,,,,,,,,,,,,,,,,,,,,,,s685,,,,,,,,,,,,,,,,,,,,,,,,,,,,,,,,,,,,,,,,,,,,,,,,,,,,,,,,,,,,,,,,,,,,,,,
461,,,,,s195,,,,,s189,,,,,,s183,,,,,,,,,s201,r90,s194,,s200,,,,,,,s204,,,s202,s199,,,,,,,203,198,371,197,,,,,,187,,,,,,,,186,,,191,,,,,188,,192,190,,193,,196,,,686,,,,,,,,,,,,,,,
462,r54,r54,r54,,,,,,,,,,,,,,,r54,r54,r54,r54,r54,r54,,,,,,,,,,,,,r54,,,,,r54,,,,,,,,,,,,,,,,,,,,,,,,,,,,,,,,234,,,,,,,,,,,,,,,,,,,,,,,,
463,r60,r60,r60,,,,,,,,,,,r60,r60,s165,s166,r60,r60,r60,r60,r60,r60,,,,,,,,,,,,,r60,,,,,r60,,,,,,,,,,,,,,,,,,,,,,,,,,,,,,,,,,,,,237,,,,,,,,,,,,,,,,,,,
464,r106,r106,r106,,,,,,,,,,,,,,,r106,r106,r106,r106,r106,r106,,,,,,,,,,,,,r106,,,,,r106,,,,,,,,,,,,,,,,,,,,,,,,,,,,,,,,,,,,,,,,,,,,,,,,,,,,,,,,
465,,s40,s12,s43,s532,,s46,s56,,s50,s45,s58,,,,s536,,,,,,,,,s113,,s105,r28,s112,,s33,,,,,s533,,,s114,s111,,,,,,,531,534,528,535,,,29,34,,98,,,,238,527,35,36,529,38,39,530,42,44,54,55,99,,103,101,,104,,107,,,,,,,,,,,,,,,,,,
466,r62,r62,r62,,,,,,,,,,,r62,r62,r62,r62,r62,r62,r62,r62,r62,r62,,,,,,,,,,,,,r62,,,,,r62,,,,,,,,,,,,,,,,,,,,,,,,,,,,,,,,,,,,,,,,,,,,,,,,,,,,,,,,
467,r26,r26,r26,,,,,,,,,,,,,,,r26,r26,r26,r26,r26,r26,,,,,,,,,,,,,r26,,,,,r26,,,,,,,,,,,,,,,,,,,,,,,,,,,,,,,,,,,,,,,,,,,,,,,,,,,,,,,,
468,r110,r110,r110,,,,,,,,,,,,,,,r110,r110,r110,r110,r110,r110,,,,,,,,,,,,,r110,,,,,r110,,,,,,,,,,,,,,,,,,,,,,,,,,,,,,,,,,,,,,,,,,,,,,,,,,,,,,,,
469,,,,,,,,,,,,,,,,,,s127,s128,s124,s126,s125,s121,,,,r95,,,,,,,,,,,,,,,,,,,,,,,,,,,,,,,,,,,,,,,,,,,,,,319,,,,,,,,,,,,687,,,,,,,,,,,,
470,,,,,,s688,,,,,,,,,,,,,,,,,,,,,,,,,,,,,,,,,,,,,,,,,,,,,,,,,,,,,,,,,,,,,,,,,,,,,,,,,,,,,,,,,,,,,,,,,,,
471,r10,r10,r10,,,,,,,,,,,r10,r10,r10,r10,r10,r10,r10,r10,r10,r10,r10,,,,,r10,,,,,,,r10,,,r10,,r10,,,,,,,,,,,,,,,,,,,,,,,,,,,,,,,,,,,,,,,,,,,,,,,,,,,,,,,,
472,,,,,,,,,,,,,,,,,,s127,s128,s124,s126,s125,s121,,,,,,,s689,,,,,,,,,,,,,,,,,,,,,,,,,,,,,,,,,,,,,,,,,,,607,,,,,,,,,,,,,,,,,,,,,,,,
473,,,,,,,,,,,,,,,,,,,,,,,,,,s690,,,,,,,,,,,,,,,,,,,,,,,,,,,,,,,,,,,,,,,,,,,,,,,,,,,,,,,,,,,,,,,,,,,,,,,
474,,,,,,,,,,,,,,,,s249,,,,,,,,,s245,,,,s250,,,,,,,s89,,,s87,s248,,,,,,,88,247,,691,,,,,,,,,,,,,,,,,,,,,,,,,,,,,,,,,,,,,,,,,,,,,,,
475,r68,r68,r68,,,,,,,,,,,r68,r68,r68,r68,r68,r68,r68,r68,r68,r68,r68,,,,,r68,,,,,,,r68,,,r68,,r68,,,,,,,,,,,,,,,,,,,,,,,,,,,,,,,,,,,,,,,,,,,,,,,,,,,,,,,,
476,r11,r11,r11,,,,,,,,,,,r11,r11,r11,r11,r11,r11,r11,r11,r11,r11,r11,,,,,r11,,,,,,,r11,,,r11,,r11,,,,,,,,,,,,,,,,,,,,,,,,,,,,,,,,,,,,,,,,,,,,,,,,,,,,,,,,
477,,,,,,,,,,,,,,,,,,,,,,,,,,,,,,s692,,,,,,,,,,,,,,,,,,,,,,,,,,,,,,,,,,,,,,,,,,,,,,,,,,,,,,,,,,,,,,,,,,,
478,r67,r67,r67,,,,,,,,,,,r67,r67,r67,r67,r67,r67,r67,r67,r67,r67,r67,,,,,,,,,,,,r67,,,r67,,r67,,,,,,,,,,,,,,,,,,,,,,,,,,,,,,,,,,,,,,,,,,,,,,,,,,,,,,,,
479,r69,r69,r69,,,,,,,,,,,r69,r69,r69,r69,r69,r69,r69,r69,r69,r69,r69,,,,,,,,,,,,r69,,,r69,,r69,,,,,,,,,,,,,,,,,,,,,,,,,,,,,,,,,,,,,,,,,,,,,,,,,,,,,,,,
480,r73,r73,r73,,,,,,,,,,,r73,r73,r73,r73,r73,r73,r73,r73,r73,r73,r73,,,,,r73,,,,,,,r73,,,r73,,r73,,,,,,,,,,,,,,,,,,,,,,,,,,,,,,,,,,,,,,,,,,,,,,,,,,,,,,,,
481,r70,r70,r70,,,,,,,,,,,r70,r70,r70,r70,r70,r70,r70,r70,r70,r70,r70,,,,,,,,,,,,r70,,,r70,,r70,,,,,,,,,,,,,,,,,,,,,,,,,,,,,,,,,,,,,,,,,,,,,,,,,,,,,,,,
482,,,,,,,,,,,,,,,,,,,,,,,,,,s693,,,,,,,,,,,,,,,,,,,,,,,,,,,,,,,,,,,,,,,,,,,,,,,,,,,,,,,,,,,,,,,,,,,,,,,
483,,,,,,,,,,,,,,,,,,,,,,,,,,,r114,,,,,,,s694,,,,,,,,,,,,,,,,,,,,,,,,,,,,,,,,,,,,,,,,,,,,,,,,,,,,,,,,,,,,,,,
484,,,s261,,,,,,,,,,,,,,,,,,,,,,,r116,,,,,,,,,,r25,,,,,,,,,,,,,,,,,,,,,695,258,260,,,,,,,,,,,,,,,,,,,,,,,,,,,,,,,,,,,259,,,
485,,,,,,,,,,,,,,,,,,,,,,,,,,r118,,,,,,,,,,,,,,,,,,,,,,,,,,,,,,,,,,,,,,,,,,,,,,,,,,,,,,,,,,,,,,,,,,,,,,,
486,,,,,,,,,,,,,,,,,,,,,,,,,,,,,,,,,s696,,,,,,,,,,,,,,,,,,,,,,,,,,,,,,,,,,,,,,,,,,,,,,,,,,,,,,,,,,,,,,,,
487,,,,,,,,,,,,,,,,,,s127,s128,s124,s126,s125,s121,,,,,,,,s697,,,,,,,,,,,,,,,,,,,,,,,,,,,,,,,,,,,,,,,,,,278,,,,,,,,,,,,,,,,,,,,,,,,
488,,,,,,,,,,,,,,,,,,,,,,,,,,,,,,,,,,,,,,,s698,,,,,,,,,,,,,,,,,,,,,,,,,,,,,,,,,,,,,,,,,,,,,,,,,,,,,,,,,,
489,,,,,,,,,,,,,,,,,,,,,,,,,,,,,,,s699,,,,,,,,,,,,,,,,,,,,,,,,,,,,,,,,,,,,,,,,,,,,,,,,,,,,,,,,,,,,,,,,,,
490,,,,,,,,,,,,,,,,,,,,,,,,,,s700,,,,,,,,,,,,,,,,,,,,,,,,,,,,,,,,,,,,,,,,,,,,,,,,,,,,,,,,,,,,,,,,,,,,,,,
491,,,,,,,,,,,,,,,,,,,,,,,,,s267,,,,s265,,,,,,,,s266,,,s268,,,,,701,,,,,,,,,,,,,,,,,,,,,,,,,,,,,,,,,,,,,,,,,,,,,,,,,,,,
492,,,,,,,,,,,,,,,,,,,,,,,,,,,,,,,r6,,,,,,,,,,,,,,,,,,,,,,,,,,,,,,,,,,,,,,,,,,,,,,,,,,,,,,,,,,,,,,,,,,
493,,,,,,,,,,,,,,,,,,,,,,,,,,,,,,,s702,,,,,,,,,,,,,,,,,,,,,,,,,,,,,,,,,,,,,,,,,,,,,,,,,,,,,,,,,,,,,,,,,,
494,,,,,,,,,,,,,r4,,,,,,,,,,,,,,,,,,r4,,,,,,,,,,,,,,,,,,,,,,,,,,,,,,,,,,,,,,,,,,,,,,,,,,,,,,,,,,,,,,,,,,
495,,,,,,,,,,,,,,,,,,,,,,,,,s707,r123,,,s705,,,,,,,,s706,,,s708,,,,,704,,,,,,,,,,,,,,,,,,,,,,,,,,,,,,,,,,,,,,,,,,,,,,,,,,703,,
496,,,,,,,,,,,,,,,,,,,,,,,,,,s709,,,,,,,,,,,,,,,,,,,,,,,,,,,,,,,,,,,,,,,,,,,,,,,,,,,,,,,,,,,,,,,,,,,,,,,
497,,,,,,,,,,,,,,,,,,,,,,,,,s273,,,,s269,,,,,,,,s270,,,s274,,,,,710,,,,,,,,,,,,,,,,,,,,,,,,,,,,,,,,,,,,,,,,,,,,,,,,,,,,
498,,,,,,,,,,,,,,,,,,,,,,,,,,,,,,,,r6,,,,,,,,,,,,,,,,,,,,,,,,,,,,,,,,,,,,,,,,,,,,,,,,,,,,,,,,,,,,,,,,,
499,,,,,,,,,,,,,r5,,,,,,,,,,,,,,,,,,r5,,,,,,,,,,,,,,,,,,,,,,,,,,,,,,,,,,,,,,,,,,,,,,,,,,,,,,,,,,,,,,,,,,
500,,,,,,,,,,,,,,,,,,r54,r54,r54,r54,r54,r54,,,,,,,,r54,,,,,,,,,,,,,,,,,,,,,,,,,,,,,,,,,,,,,,,,,,278,,,,,,,,,,,,,,,,,,,,,,,,
501,,,,,,,,,,,,,,r60,r60,s165,s166,r60,r60,r60,r60,r60,r60,,,,,,,,r60,,,,,,,,,,,,,,,,,,,,,,,,,,,,,,,,,,,,,,,,,,,,,,,281,,,,,,,,,,,,,,,,,,,
502,,,,,,,,,,,,,,,,,,r106,r106,r106,r106,r106,r106,,,,,,,,r106,,,,,,,,,,,,,,,,,,,,,,,,,,,,,,,,,,,,,,,,,,,,,,,,,,,,,,,,,,,,,,,,,,
503,,s40,s12,s43,s532,,s46,s56,,s50,s45,s58,,,,s536,,,,,,,,,s113,,s105,r28,s112,,s33,,,,,s533,,,s114,s111,,,,,,,531,534,528,535,,,29,34,,98,,,,282,527,35,36,529,38,39,530,42,44,54,55,99,,103,101,,104,,107,,,,,,,,,,,,,,,,,,
504,,,,,,,,,,,,,,r62,r62,r62,r62,r62,r62,r62,r62,r62,r62,,,,,,,,r62,,,,,,,,,,,,,,,,,,,,,,,,,,,,,,,,,,,,,,,,,,,,,,,,,,,,,,,,,,,,,,,,,,
505,,,,,,,,,,,,,,,,,,r26,r26,r26,r26,r26,r26,,,,,,,,r26,,,,,,,,,,,,,,,,,,,,,,,,,,,,,,,,,,,,,,,,,,,,,,,,,,,,,,,,,,,,,,,,,,
506,,,,,,,,,,,,,,,,,,r110,r110,r110,r110,r110,r110,,,,,,,,r110,,,,,,,,,,,,,,,,,,,,,,,,,,,,,,,,,,,,,,,,,,,,,,,,,,,,,,,,,,,,,,,,,,
507,,,,,,,,,,,,,,,,,,s127,s128,s124,s126,s125,s121,,,,r95,,,,,,,,,,,,,,,,,,,,,,,,,,,,,,,,,,,,,,,,,,,,,,319,,,,,,,,,,,,711,,,,,,,,,,,,
508,,,,,,s712,,,,,,,,,,,,,,,,,,,,,,,,,,,,,,,,,,,,,,,,,,,,,,,,,,,,,,,,,,,,,,,,,,,,,,,,,,,,,,,,,,,,,,,,,,,
509,,,,,,,,,,,,,,r10,r10,r10,r10,r10,r10,r10,r10,r10,r10,r10,,,,,r10,,r10,,,,,,,,r10,,,,,,,,,,,,,,,,,,,,,,,,,,,,,,,,,,,,,,,,,,,,,,,,,,,,,,,,,,
510,,,,,,,,,,,,,,,,,,s127,s128,s124,s126,s125,s121,,,,,,,s713,,,,,,,,,,,,,,,,,,,,,,,,,,,,,,,,,,,,,,,,,,,607,,,,,,,,,,,,,,,,,,,,,,,,
511,,,,,,,,,,,,,,,,,,,,,,,,,,s714,,,,,,,,,,,,,,,,,,,,,,,,,,,,,,,,,,,,,,,,,,,,,,,,,,,,,,,,,,,,,,,,,,,,,,,
512,,,,,,,,,,,,,,,,s293,,,,,,,,,s289,,,,s294,,,,,,,s116,,,s114,s292,,,,,,,115,291,,715,,,,,,,,,,,,,,,,,,,,,,,,,,,,,,,,,,,,,,,,,,,,,,,
513,,,,,,,,,,,,,,r68,r68,r68,r68,r68,r68,r68,r68,r68,r68,r68,,,,,r68,,r68,,,,,,,,r68,,,,,,,,,,,,,,,,,,,,,,,,,,,,,,,,,,,,,,,,,,,,,,,,,,,,,,,,,,
514,,,,,,,,,,,,,,r11,r11,r11,r11,r11,r11,r11,r11,r11,r11,r11,,,,,r11,,r11,,,,,,,,r11,,,,,,,,,,,,,,,,,,,,,,,,,,,,,,,,,,,,,,,,,,,,,,,,,,,,,,,,,,
515,,,,,,,,,,,,,,,,,,,,,,,,,,,,,,s716,,,,,,,,,,,,,,,,,,,,,,,,,,,,,,,,,,,,,,,,,,,,,,,,,,,,,,,,,,,,,,,,,,,
516,,,,,,,,,,,,,,r67,r67,r67,r67,r67,r67,r67,r67,r67,r67,r67,,,,,,,r67,,,,,,,,r67,,,,,,,,,,,,,,,,,,,,,,,,,,,,,,,,,,,,,,,,,,,,,,,,,,,,,,,,,,
517,,,,,,,,,,,,,,r69,r69,r69,r69,r69,r69,r69,r69,r69,r69,r69,,,,,,,r69,,,,,,,,r69,,,,,,,,,,,,,,,,,,,,,,,,,,,,,,,,,,,,,,,,,,,,,,,,,,,,,,,,,,
518,,,,,,,,,,,,,,r73,r73,r73,r73,r73,r73,r73,r73,r73,r73,r73,,,,,r73,,r73,,,,,,,,r73,,,,,,,,,,,,,,,,,,,,,,,,,,,,,,,,,,,,,,,,,,,,,,,,,,,,,,,,,,
519,,,,,,,,,,,,,,r70,r70,r70,r70,r70,r70,r70,r70,r70,r70,r70,,,,,,,r70,,,,,,,,r70,,,,,,,,,,,,,,,,,,,,,,,,,,,,,,,,,,,,,,,,,,,,,,,,,,,,,,,,,,
520,,,,,,,,,,,,,,,,,,,,,,,,,,s717,,,,,,,,,,,,,,,,,,,,,,,,,,,,,,,,,,,,,,,,,,,,,,,,,,,,,,,,,,,,,,,,,,,,,,,
521,,,,,,,,,,,,,,,,,,,,,,,,,,,s719,,,,,,,,,,,,,,,,,,,,,,,,,,,,,718,,,,,,,,,,,,,,,,,,,,,,,,,,,,,,,,,,,,,,,,,
522,,,,,s151,,,,,s145,,,,,,s155,,,,,,,,,s158,,s150,,s157,,,,,,,s161,,,s159,s156,,,,,,,160,154,720,153,,,,,,143,,,,,,,,142,,,147,,,,,144,,148,146,,149,,152,,,,,,,,,,,,,,,,,,
523,,,,,,,,,,,,,s722,,,,,,,,,,,,,,,,,,s721,,,,,,,,,,,,,,,,,,,,,,,,,,,,,,,,,,,,,,,,,,,,,,,,,,,,,,,,,,,,,,,,,,
524,,,,,,,,,,,,,,,,,,s127,s128,s124,s126,s125,s121,,,,,,,,s723,,,,,,,,,,,,,,,,,,,,,,,,,,,,,,,,,,,,,,,,,,278,,,,,,,,,,,,,,,,,,,,,,,,
525,,,,,,,,,,,,,,,,,,,,,,,,,,,s725,,,,,,,,,,,,,,,,,,,,,,,,,,,,,724,,,,,,,,,,,,,,,,,,,,,,,,,,,,,,,,,,,,,,,,,
526,,,,,,,,,,,,,,,,,,,,,,,,,,,,s726,,,,,,,,,,,,,,,,,,,,,,,,,,,,,,,,,,,,,,,,,,,,,,,,,,,,,,,,,,,,,,,,,,,,,
527,,s40,s12,s43,s532,,s46,s56,,s50,s45,s58,,,,s536,,,,,,,,,s113,,s105,r28,s112,,s33,,,,,s533,,,s114,s111,,,,,,,531,534,528,535,,,29,34,,98,,,,118,527,35,36,529,38,39,530,42,44,54,55,99,,103,101,,104,,107,,,,,,,,,,,,,,,,,,
528,,,,,,,,,,,,,,,,,,s127,s128,s124,s126,s125,s121,,,,,,,,s122,,,,,,,,,,,,,,,,,,,,,,,,,,,,,,,,,,,,,,,,,,278,,,,,,,,,,,,,,,,,,,,,,,,
529,,r35,r35,r35,r35,,r35,r35,,r35,r35,r35,,,,r35,,r56,r56,r56,r56,r56,r56,,r35,,r35,r35,r35,,r56,,,,,r35,,,r35,r35,,,,,,,,,,,,,,,,,,,,,,,,,,,,,,,,,,,,,,,,,,,,,,,,,,,,,,,,,
530,,r38,r38,r38,r38,,r38,r38,,r38,r38,r38,,,,r38,,r57,r57,r57,r57,r57,r57,,r38,,r38,r38,r38,,r57,,,,,r38,,,r38,r38,,,,,,,,,,,,,,,,,,,,,,,,,,,,,,,,,,,,,,,,,,,,,,,,,,,,,,,,,
531,,,,,,,,,,,,,s139,r72,r72,r72,r72,r72,r72,r72,r72,r72,r72,r72,,,,,r72,,r72,,,,,,,,r72,,,,,,,,,,,,,,,,,,,,,,,,,,,,,,,,,,,,,,,,,,,,,,,,,,,,,,,,,,
532,,,,,r94,,,,,r94,,,,,,r94,,,,,,,,,r94,,r94,,r94,,,,,,,r94,,,r94,r94,,,,,,,160,154,285,153,,,,,,143,,,,,,,,142,,,147,,,,,144,,148,146,,149,,152,,,,,140,,,,,,,,,,,,,
533,,,,,,,,,r50,,,,r7,r7,r7,r7,r7,r7,r7,r7,r7,r7,r7,r7,s300,,,,r7,,r7,,,,,,,,r7,,,,,,,,,,,,,,,,,,,,,,,,,,,,,,,,,,,,,,,,,,,,,,,,,,,,,,,,,,
534,,,,,,,,,,,,,,r65,r65,r65,r65,r65,r65,r65,r65,r65,r65,r65,,,,,s727,,r65,,,,,,,,r65,,,,,,,,,,,,,,,,,,,,,,,,,,,,,,,,,,,,,,,,,,,,,,,,,,,,,,,,,,
535,,,,,,,,,,,,,,r64,r64,r64,r64,r64,r64,r64,r64,r64,r64,s729,,,,,,,r64,,,,,,,,s728,,,,,,,,,,,,,,,,,,,,,,,,,,,,,,,,,,,,,,,,,,,,,,,,,,,,,,,,,,
536,,,,,,,,,,,,,,,,s735,,,,,,,,,s730,,,,s736,,,,,,,s738,,,s732,s734,,,,,,,737,733,,731,,,,,,,,,,,,,,,,,,,,,,,,,,,,,,,,,,,,,,,,,,,,,,,
537,,r42,r42,r42,r42,,r42,r42,,r42,r42,r42,,,,r42,,,,,,,,,r42,,r42,r42,r42,,r42,,,,,r42,,,r42,r42,,,,,,,,,,,,,,,,,,,,,,,,,,,,,,,,,,,,,,,,,,,,,,,,,,,,,,,,,
538,,,,,,,,,,,,,,,,,,,,,,,,,,,s740,,,,,,,,,,,,,,,,,,,,,,,,,,,,,739,,,,,,,,,,,,,,,,,,,,,,,,,,,,,,,,,,,,,,,,,
539,,,,,,,,,,,,,,,,,,,,,,,,,,,s742,,,,,,,,,,,,,,,,,,,,,,,,,,,,,,,,,,,,,,,,,,,,,,,741,,,,,,,,,,,,,,,,,,,,,,,
540,,,,,,,,,,,,,,,,,,r54,r54,r54,r54,r54,r54,,,,r54,,,,,,,,,,,,,,,,,,,,,,,,,,,,,,,,,,,,,,,,,,,,,,319,,,,,,,,,,,,,,,,,,,,,,,,
541,,s546,s12,s556,s53,,s545,s563,,s50,s558,s559,,,,s63,,,,,,,,,s66,,s59,,s68,,s548,,,,,s60,,,s65,s67,,,,,,,561,61,543,62,,,550,551,,48,,,,,541,549,552,544,553,554,547,555,557,560,562,47,,49,51,,57,,64,,,,,,,,,,,,,,119,,,,
542,,,,,,,,,,,,,,,,,,,,,,,,,,,,s743,,,,,,,,,,,,,,,,,,,,,,,,,,,,,,,,,,,,,,,,,,,,,,,,,,,,,,,,,,,,,,,,,,,,,
543,,,,,,,,,,,,,,,,,,s127,s128,s124,s126,s125,s121,,,,,r111,,,s744,,,,,,,,,,,,,,,,,,,,,,,,,,,,,,,,,,,,,,,,,,123,,,,,,,,,,,,,,,,,,,,,,,,
544,,r35,r35,r35,r35,,r35,r35,,r35,r35,r35,,,,r35,,r56,r56,r56,r56,r56,r56,,r35,,r35,r56,r35,,r56,,,,,r35,,,r35,r35,,,,,,,,,,,,,,,,,,,,,,,,,,,,,,,,,,,,,,,,,,,,,,,,,,,,,,,,,
545,,,,,r101,,,,,r101,,,,,,r101,,,,,,,,,r101,,r101,,r101,,,,,,,r101,,,r101,r101,,,,,,,,,,,,,,,,,,,,,,,,,,,,,,,,,,,,,,,,,,,,,,,,745,,,,,,,,,
546,,,s15,,,,,,,,,,,,,,,,,,,,,,,,,,,,,,,,,s16,,,,,,,,,,,,,,,,,,,,,,,,,,,,,,,,,,746,,,,,,,,,,,,,,,,,,,,,,,,,,,
547,,r38,r38,r38,r38,,r38,r38,,r38,r38,r38,,,,r38,,r57,r57,r57,r57,r57,r57,,r38,,r38,r57,r38,,r57,,,,,r38,,,r38,r38,,,,,,,,,,,,,,,,,,,,,,,,,,,,,,,,,,,,,,,,,,,,,,,,,,,,,,,,,
548,,r29,r29,r29,r29,,r29,r29,,r29,r29,r29,,,,r29,,,,,,,,,r29,,r29,,r29,,r29,,,,,r29,,,r29,r29,,,,,,,,,,,,,,,,,,,,,,,,,,,,,,,,,,,,,,,,,,,,,,,,,,,,,,,,,
549,,r30,r30,r30,r30,,r30,r30,,r30,r30,r30,,,,r30,,,,,,,,,r30,,r30,,r30,,r30,,,,,r30,,,r30,r30,,,,,,,,,,,,,,,,,,,,,,,,,,,,,,,,,,,,,,,,,,,,,,,,,,,,,,,,,
550,,r31,r31,r31,r31,,r31,r31,,r31,r31,r31,,,,r31,,,,,,,,,r31,,r31,,r31,,r31,,,,,r31,,,r31,r31,,,,,,,,,,,,,,,,,,,,,,,,,,,,,,,,,,,,,,,,,,,,,,,,,,,,,,,,,
551,,r32,r32,r32,r32,,r32,r32,,r32,r32,r32,,,,r32,,,,,,,,,r32,,r32,,r32,,r32,,,,,r32,,,r32,r32,,,,,,,,,,,,,,,,,,,,,,,,,,,,,,,,,,,,,,,,,,,,,,,,,,,,,,,,,
552,,r33,r33,r33,r33,,r33,r33,,r33,r33,r33,,,,r33,,,,,,,,,r33,,r33,,r33,,r33,,,,,r33,,,r33,r33,,,,,,,,,,,,,,,,,,,,,,,,,,,,,,,,,,,,,,,,,,,,,,,,,,,,,,,,,
553,,r36,r36,r36,r36,,r36,r36,,r36,r36,r36,,,,r36,,,,,,,,,r36,,r36,,r36,,r36,,,,,r36,,,r36,r36,,,,,,,,,,,,,,,,,,,,,,,,,,,,,,,,,,,,,,,,,,,,,,,,,,,,,,,,,
554,,r37,r37,r37,r37,,r37,r37,,r37,r37,r37,,,,r37,,,,,,,,,r37,,r37,,r37,,r37,,,,,r37,,,r37,r37,,,,,,,,,,,,,,,,,,,,,,,,,,,,,,,,,,,,,,,,,,,,,,,,,,,,,,,,,
555,,r39,r39,r39,r39,,r39,r39,,r39,r39,r39,,,,r39,,,,,,,,,r39,,r39,,r39,,r39,,,,,r39,,,r39,r39,,,,,,,,,,,,,,,,,,,,,,,,,,,,,,,,,,,,,,,,,,,,,,,,,,,,,,,,,
556,,,,,s106,,,,,s100,,,,,,s110,,,,,,,,,s113,,s105,,s112,,s747,,,,,s116,,,s114,s111,,,,,,,115,109,748,108,,,,,,98,,,,,,,,97,,,102,,,,,99,,103,101,,104,,107,,,,,,,,,,,,,,,,,,
557,,r40,r40,r40,r40,,r40,r40,,r40,r40,r40,,,,r40,,,,,,,,,r40,,r40,,r40,,r40,,,,,r40,,,r40,r40,,,,,,,,,,,,,,,,,,,,,,,,,,,,,,,,,,,,,,,,,,,,,,,,,,,,,,,,,
558,,,,,s106,,,,,s100,,,,,,s110,,,,,,,,,s113,,s105,,s112,,s750,,,,,s116,,,s114,s111,,,,,,,115,109,749,108,,,,,,98,,,,,,,,97,,,102,,,,,99,,103,101,,104,,107,,,,,,,,,,,,,,,,,,
559,,,,,,,,,,,,,,,,,,,,,,,,,,,,,,,s751,,,,,,,,,,,,,,,,,,,,,,,,,,,,,,,,,,,,,,,,,,,,,,,,,,,,,,,,,,,,,,,,,,
560,,,,,,,,,s752,,,,,,,,,,,,,,,,,,,,,,,,,,,,,,,,,,,,,,,,,,,,,,,,,,,,,,,,,,,,,,,,,,,,,,,,,,,,,,,,,,,,,,,,
561,,,,,,,,,,,,,s753,r72,r72,r72,r72,r72,r72,r72,r72,r72,r72,r72,,,,r72,r72,,r72,,,,,,,,r72,,,,,,,,,,,,,,,,,,,,,,,,,,,,,,,,,,,,,,,,,,,,,,,,,,,,,,,,,,
562,,r46,r46,r46,r46,,r46,r46,,r46,r46,r46,,,,r46,,,,,,,,,r46,,r46,,r46,,r46,,,,,r46,,,r46,r46,,,,,,,,,,,,,,,,,,,,,,,,,,,,,,,,,,,,,,,,,,,,,,,,,,,,,,,,,
563,,r104,r104,,,,,,,,,,,,,,,,,,,,,,,,,,,,,,,,,r104,,,,,,,,,,,,,,,,,,,,,,,,,,,,,,,,,,,,,,,,,,,,,,,,,,,,,,754,,,,,,,
564,,,,,,,,,,,,,,r60,r60,s165,s166,r60,r60,r60,r60,r60,r60,,,,r60,,,,,,,,,,,,,,,,,,,,,,,,,,,,,,,,,,,,,,,,,,,,,,,,,,,323,,,,,,,,,,,,,,,,,,,
565,,,,,,,,,,,,,,,,,,r106,r106,r106,r106,r106,r106,,,,r106,,,,,,,,,,,,,,,,,,,,,,,,,,,,,,,,,,,,,,,,,,,,,,,,,,,,,,,,,,,,,,,,,,,,,,
566,,s40,s12,s43,s532,,s46,s56,,s50,s45,s58,,,,s536,,,,,,,,,s113,,s105,r28,s112,,s33,,,,,s533,,,s114,s111,,,,,,,531,534,528,535,,,29,34,,98,,,,324,527,35,36,529,38,39,530,42,44,54,55,99,,103,101,,104,,107,,,,,,,,,,,,,,,,,,
567,,,,,,,,,,,,,,r62,r62,r62,r62,r62,r62,r62,r62,r62,r62,,,,r62,,,,,,,,,,,,,,,,,,,,,,,,,,,,,,,,,,,,,,,,,,,,,,,,,,,,,,,,,,,,,,,,,,,,,,
568,,,,,,,,,,,,,,,,,,r26,r26,r26,r26,r26,r26,,,,r26,,,,,,,,,,,,,,,,,,,,,,,,,,,,,,,,,,,,,,,,,,,,,,,,,,,,,,,,,,,,,,,,,,,,,,
569,,,,,,,,,,,,,,,,,,r110,r110,r110,r110,r110,r110,,,,r110,,,,,,,,,,,,,,,,,,,,,,,,,,,,,,,,,,,,,,,,,,,,,,,,,,,,,,,,,,,,,,,,,,,,,,
570,,,,,,,,,,,,,,,,,,s127,s128,s124,s126,s125,s121,,,,r95,,,,,,,,,,,,,,,,,,,,,,,,,,,,,,,,,,,,,,,,,,,,,,319,,,,,,,,,,,,755,,,,,,,,,,,,
571,,,,,,s756,,,,,,,,,,,,,,,,,,,,,,,,,,,,,,,,,,,,,,,,,,,,,,,,,,,,,,,,,,,,,,,,,,,,,,,,,,,,,,,,,,,,,,,,,,,
572,,,,,,,,,,,,,,r10,r10,r10,r10,r10,r10,r10,r10,r10,r10,r10,,,r10,,r10,,,,,,,,,,r10,,,,,,,,,,,,,,,,,,,,,,,,,,,,,,,,,,,,,,,,,,,,,,,,,,,,,,,,,,
573,,,,,,,,,,,,,,,,,,s127,s128,s124,s126,s125,s121,,,,,,,s757,,,,,,,,,,,,,,,,,,,,,,,,,,,,,,,,,,,,,,,,,,,607,,,,,,,,,,,,,,,,,,,,,,,,
574,,,,,,,,,,,,,,,,,,,,,,,,,,s758,,,,,,,,,,,,,,,,,,,,,,,,,,,,,,,,,,,,,,,,,,,,,,,,,,,,,,,,,,,,,,,,,,,,,,,
575,,,,,,,,,,,,,,,,s335,,,,,,,,,s331,,,,s336,,,,,,,s161,,,s159,s334,,,,,,,160,333,,759,,,,,,,,,,,,,,,,,,,,,,,,,,,,,,,,,,,,,,,,,,,,,,,
576,,,,,,,,,,,,,,r68,r68,r68,r68,r68,r68,r68,r68,r68,r68,r68,,,r68,,r68,,,,,,,,,,r68,,,,,,,,,,,,,,,,,,,,,,,,,,,,,,,,,,,,,,,,,,,,,,,,,,,,,,,,,,
577,,,,,,,,,,,,,,r11,r11,r11,r11,r11,r11,r11,r11,r11,r11,r11,,,r11,,r11,,,,,,,,,,r11,,,,,,,,,,,,,,,,,,,,,,,,,,,,,,,,,,,,,,,,,,,,,,,,,,,,,,,,,,
578,,,,,,,,,,,,,,,,,,,,,,,,,,,,,,s760,,,,,,,,,,,,,,,,,,,,,,,,,,,,,,,,,,,,,,,,,,,,,,,,,,,,,,,,,,,,,,,,,,,
579,,,,,,,,,,,,,,r67,r67,r67,r67,r67,r67,r67,r67,r67,r67,r67,,,r67,,,,,,,,,,,,r67,,,,,,,,,,,,,,,,,,,,,,,,,,,,,,,,,,,,,,,,,,,,,,,,,,,,,,,,,,
580,,,,,,,,,,,,,,r69,r69,r69,r69,r69,r69,r69,r69,r69,r69,r69,,,r69,,,,,,,,,,,,r69,,,,,,,,,,,,,,,,,,,,,,,,,,,,,,,,,,,,,,,,,,,,,,,,,,,,,,,,,,
581,,,,,,,,,,,,,,r73,r73,r73,r73,r73,r73,r73,r73,r73,r73,r73,,,r73,,r73,,,,,,,,,,r73,,,,,,,,,,,,,,,,,,,,,,,,,,,,,,,,,,,,,,,,,,,,,,,,,,,,,,,,,,
582,,,,,,,,,,,,,,r70,r70,r70,r70,r70,r70,r70,r70,r70,r70,r70,,,r70,,,,,,,,,,,,r70,,,,,,,,,,,,,,,,,,,,,,,,,,,,,,,,,,,,,,,,,,,,,,,,,,,,,,,,,,
583,,,,,,,,,,,,,,,,,,,,,,,,,,s761,,,,,,,,,,,,,,,,,,,,,,,,,,,,,,,,,,,,,,,,,,,,,,,,,,,,,,,,,,,,,,,,,,,,,,,
584,,,,,s352,,,,,s50,,,,,,s356,,,,,,,,,s359,,s351,,s358,,,,,,,s362,,,s360,s357,,,,,,,361,355,762,354,,,,,,345,,,,,,,,344,,,348,,,,,346,,349,347,,350,,353,,,,,,,,,,,,,,,,,,
585,,,,,,,,,,,,,,,,s356,,,,,,,,,s359,,,,s358,,,,,,,s362,,,s360,s357,,,,,,,361,355,,354,,,,,,,,,,,,,,,,,,,,,,,,,,,763,,353,,,,,,,,,,,,,,,,,,
586,,,,,,,,,,,,,,,,s356,,,,,,,,,s359,,,,s358,,,,,,,s362,,,s360,s357,,,,,,,361,355,,354,,,,,,,,,,,,,,,,,,,,,,,,,,,,,764,,,,,,,,,,,,,,,,,,
587,,,,,,,,,,,,,,,,,,,,,,,,,,,,s765,,,,,,,,,,,,,,,,,,,,,,,,,,,,,,,,,,,,,,,,,,,,,,,,,,,,,,,,,,,,,,,,,,,,,
588,,,,,,,,,,,,,,,,,,s127,s128,s124,s126,s125,s121,,,,s320,,,,,,,,,,,,,,,,,,,,,,,,,,,,,,,,,,,,,,,,,,,,,,319,766,,,,,,,,,,,,,,,,,,,,,,,
589,,r9,r9,r9,r9,,r9,r9,,r9,r9,r9,,r9,r9,r9,r9,r9,r9,r9,r9,r9,r9,r9,r9,,r9,r9,r9,,r9,,,,,r9,,,r9,r9,,,,,,,,,,,,,,,,,,,,,,,,,,,,,,,,,,,,,,,,,,,,,,,,,,,,,,,,,
590,,,,,,,,,,,,,,,,,,,,,,,,,,,,,,,,,,,,,,,s767,,,,,,,,,,,,,,,,,,,,,,,,,,,,,,,,,,,,,,,,,,,,,,,,,,,,,,,,,,
591,,,,,s382,,,,,s376,,,,,,s386,,,,,,,,,s389,,s381,,s388,,,,,,,s392,,,s390,s387,,,,,,,391,385,768,384,,,,,,374,,,,,,,,373,,,378,,,,,375,,379,377,,380,,383,,,,,,,,,,,,,,,,,,
592,,r11,r11,r11,r11,,r11,r11,,r11,r11,r11,,r11,r11,r11,r11,r11,r11,r11,r11,r11,r11,r11,r11,,r11,r11,r11,,r11,,,,,r11,,,r11,r11,,,,,,,,,,,,,,,,,,,,,,,,,,,,,,,,,,,,,,,,,,,,,,,,,,,,,,,,,
593,,,,,,,,,,,,,,,,s356,,,,,,,,,s359,,,,s358,,,,,,,s362,,,s360,s357,,,,,,,361,355,,769,,,,,,,,,,,,,,,,,,,,,,,,,,,,,,,,,,,,,,,,,,,,,,,
594,,r68,r68,r68,r68,,r68,r68,,r68,r68,r68,,r68,r68,r68,r68,r68,r68,r68,r68,r68,r68,r68,r68,,r68,r68,r68,,r68,,,,,r68,,,r68,r68,,,,,,,,,,,,,,,,,,,,,,,,,,,,,,,,,,,,,,,,,,,,,,,,,,,,,,,,,
595,,,,,,,,,,,,,,,,,,,,,,,,,,,,,,s770,,,,,,,,,,,,,,,,,,,,,,,,,,,,,,,,,,,,,,,,,,,,,,,,,,,,,,,,,,,,,,,,,,,
596,,,,,,,,,,,,,,,,,,s127,s128,s124,s126,s125,s121,,,s771,,,,,,s409,,,,,,,,,,,,,,,,,,,,,,,,,,,,,,,,,,,,,,,,,410,,,,,,,,,,,,,,,,,,,,,,,,
597,,,,,,,,,,,,,,,,,,,,,,,,,,s772,,,,,,,,,,,,,,,,,,,,,,,,,,,,,,,,,,,,,,,,,,,,,,,,,,,,,,,,,,,,,,,,,,,,,,,
598,,,,,s195,,,,,s189,,,,,,s183,,,,,,,,,s201,r90,s194,,s200,,,,,,,s204,,,s202,s199,,,,,,,203,198,371,197,,,,,,187,,,,,,,,186,,,191,,,,,188,,192,190,,193,,196,,,773,,,,,,,,,,,,,,,
599,,,,,s784,,,,,s778,,,,,,s788,,,,,,,,,s791,,s783,,s790,,,,,,,s794,,,s792,s789,,,,,,,793,787,774,786,,,,,,776,,,,,,,,775,,,780,,,,,777,,781,779,,782,,785,,,,,,,,,,,,,,,,,,
600,,,,,s151,,,,,s145,,,,,,s155,,,,,,,,,s158,,s150,,s157,,,,,,,s161,,,s159,s156,,,,,,,160,154,795,153,,,,,,143,,,,,,,,142,,,147,,,,,144,,148,146,,149,,152,,,,,,,,,,,,,,,,,,
601,,,,,,,,,,,,,s797,,,,,,,,,,,,,,,,,,,,s796,,,,,,,,,,,,,,,,,,,,,,,,,,,,,,,,,,,,,,,,,,,,,,,,,,,,,,,,,,,,,,,,
602,,,,,,,,,,,,,,,,,,,,,,,,,,,,,,,,,,,,s798,,,,,,,,,,,,,,,,,,,,,,,,,,,,,,,,,,,,,,,,,,,,,,,,,,,,,,,,,,,,,
603,,,,,,,,,,,,,r50,,,,,,,,,,,,,,,,,,,,r50,,,,,,,,,,,,,,,,,,,,,,,,,,,,,,,,,,,,,,,,,,,,,,,,,,,,,,,,,,,,,,,,
604,,,,,,,,,,,,,,r74,r74,r74,r74,r74,r74,r74,r74,r74,r74,r74,,,,r74,r74,,r74,,,,,,,,r74,,,,,,,,,,,,,,,,,,,,,,,,,,,,,,,,,,,,,,,,,,,,,,,,,,,,,,,,,,
605,,,,,s195,,,,,s189,,,,,,s183,,,,,,,,,s201,r90,s194,,s200,,,,,,,s204,,,s202,s199,,,,,,,203,198,371,197,,,,,,187,,,,,,,,186,,,191,,,,,188,,192,190,,193,,196,,,799,,,,,,,,,,,,,,,
606,,,,,,,,,,,,,r8,r8,r8,r8,r8,r8,r8,r8,r8,r8,r8,r8,,,,r8,r8,,r8,,,,,,,,r8,,,,,,,,,,,,,,,,,,,,,,,,,,,,,,,,,,,,,,,,,,,,,,,,,,,,,,,,,,
607,,,,,s382,,,,,s376,,,,,,s386,,,,,,,,,s389,,s381,,s388,,,,,,,s392,,,s390,s387,,,,,,,391,385,800,384,,,,,,374,,,,,,,,373,,,378,,,,,375,,379,377,,380,,383,,,,,,,,,,,,,,,,,,
608,,,,,,,,,,,,,,,,s386,,,,,,,,,s389,,,,s388,,,,,,,s392,,,s390,s387,,,,,,,391,385,,384,,,,,,,,,,,,,,,,,,,,,,,,,,,801,,383,,,,,,,,,,,,,,,,,,
609,,,,,,,,,,,,,,,,,,,,,,,,,,,s803,,,,,,,,,,,,,,,,,,,,,,,,,,,,,802,,,,,,,,,,,,,,,,,,,,,,,,,,,,,,,,,,,,,,,,,
610,,,,,,,,,,,,,,,,s386,,,,,,,,,s389,,,,s388,,,,,,,s392,,,s390,s387,,,,,,,391,385,,384,,,,,,,,,,,,,,,,,,,,,,,,,,,,,804,,,,,,,,,,,,,,,,,,
611,,,,,,,,,,,,,,,,,,,,,,,,,,,,s805,,,,,,,,,,,,,,,,,,,,,,,,,,,,,,,,,,,,,,,,,,,,,,,,,,,,,,,,,,,,,,,,,,,,,
612,,,,,,,,,,,,,,,,,,,,,,,,,,,,s806,,,,,,,,,,,,,,,,,,,,,,,,,,,,,,,,,,,,,,,,,,,,,,,,,,,,,,,,,,,,,,,,,,,,,
613,,,,,s151,,,,,s145,,,,,,s155,,,,,,,,,s158,,s150,,s157,,,,,,,s161,,,s159,s156,,,,,,,160,154,807,153,,,,,,143,,,,,,,,142,,,147,,,,,144,,148,146,,149,,152,,,,,,,,,,,,,,,,,,
614,,,,,,,,,,,,,,,,,,s127,s128,s124,s126,s125,s121,,,,s320,,,,,,,,,,,,,,,,,,,,,,,,,,,,,,,,,,,,,,,,,,,,,,319,808,,,,,,,,,,,,,,,,,,,,,,,
615,,,,,,,,,,,,,,r9,r9,r9,r9,r9,r9,r9,r9,r9,r9,r9,,,,,r9,r9,,,,,,,,,r9,,,,,,,,,,,,,,,,,,,,,,,,,,,,,,,,,,,,,,,,,,,,,,,,,,,,,,,,,,
616,,,,,,,,,,,,,,,,,,,,,,,,,,,,,,,,,,,,,,,s809,,,,,,,,,,,,,,,,,,,,,,,,,,,,,,,,,,,,,,,,,,,,,,,,,,,,,,,,,,
617,,,,,s382,,,,,s376,,,,,,s386,,,,,,,,,s389,,s381,,s388,,,,,,,s392,,,s390,s387,,,,,,,391,385,810,384,,,,,,374,,,,,,,,373,,,378,,,,,375,,379,377,,380,,383,,,,,,,,,,,,,,,,,,
618,,,,,s195,,,,,s189,,,,,,s183,,,,,,,,,s201,r126,s194,,s200,,,,,,,s204,,,s202,s199,,,,,,,203,198,627,197,,,,,,187,,,,,,,,186,,,191,,,,,188,,192,190,,193,,196,,811,,,,,,,,,,,,,,,,
619,,,,,,,,,,,,,,r11,r11,r11,r11,r11,r11,r11,r11,r11,r11,r11,,,,,r11,r11,,,,,,,,,r11,,,,,,,,,,,,,,,,,,,,,,,,,,,,,,,,,,,,,,,,,,,,,,,,,,,,,,,,,,
620,,,,,,,,,,,,,,r65,r65,r65,r65,r65,r65,r65,r65,r65,r65,r65,,,,,r65,r65,,,,,,,,,r65,,,,,,,,,,,,,,,,,,,,,,,,,,,,,,,,,,,,,,,,,,,,,,,,,,,,,,,,,,
621,,,s812,,,,,,,,,,,,,s622,,,,,,,,,s618,,,,s623,,,,,,,s392,,,s390,s621,,,,,,,391,620,,813,,,,,,,,,,,,,,,,,,,,,,,,,,,,,,,,,,,,,,,,,,,,,,,
622,,,,,,,,,,,,,,,,s622,,,,,,,,,s618,,,,s623,,,,,,,s392,,,s390,s621,,,,,,,391,620,,814,,,,,,,,,,,,,,,,,,,,,,,,,,,,,,,,,,,,,,,,,,,,,,,
623,,,,,s223,,,,,s219,,,,,,s227,,,,,,,,,s230,,s222,,s229,r76,,,,,,s233,,,s231,s228,,,,,,,232,226,215,225,,,,,,212,,,,,,,,211,,,216,,,,,213,,218,220,,221,,224,815,,,217,,,,,,,,,,,,,,
624,,,,,,,,,,,,,,,,s386,,,,,,,,,s389,,,,s388,,,,,,,s392,,,s390,s387,,,,,,,391,385,,816,,,,,,,,,,,,,,,,,,,,,,,,,,,,,,,,,,,,,,,,,,,,,,,
625,,,,,,,,,,,,,,r68,r68,r68,r68,r68,r68,r68,r68,r68,r68,r68,,,,,,r68,,,,,,,,,r68,,,,,,,,,,,,,,,,,,,,,,,,,,,,,,,,,,,,,,,,,,,,,,,,,,,,,,,,,,
626,,,,,,,,,,,,,,,,,,,,,,,,,,,,,,s817,,,,,,,,,,,,,,,,,,,,,,,,,,,,,,,,,,,,,,,,,,,,,,,,,,,,,,,,,,,,,,,,,,,
627,,,,,,,,,,,,,,,,,,s127,s128,s124,s126,s125,s121,,,s818,,,,,,s409,,,,,,,,,,,,,,,,,,,,,,,,,,,,,,,,,,,,,,,,,410,,,,,,,,,,,,,,,,,,,,,,,,
628,,,,,,,,,,,,,,,,,,,,,,,,,,s819,,,,,,,,,,,,,,,,,,,,,,,,,,,,,,,,,,,,,,,,,,,,,,,,,,,,,,,,,,,,,,,,,,,,,,,
629,,,,,s195,,,,,s189,,,,,,s183,,,,,,,,,s201,r90,s194,,s200,,,,,,,s204,,,s202,s199,,,,,,,203,198,371,197,,,,,,187,,,,,,,,186,,,191,,,,,188,,192,190,,193,,196,,,820,,,,,,,,,,,,,,,
630,,,,,,,,,,,,,r73,r73,r73,r73,r73,r73,r73,r73,r73,r73,r73,r73,,,,r73,r73,,r73,,,,,,,,r73,,,,,,,,,,,,,,,,,,,,,,,,,,,,,,,,,,,,,,,,,,,,,,,,,,,,,,,,,,
631,,,,,,,,,,,,,r70,r70,r70,r70,r70,r70,r70,r70,r70,r70,r70,r70,,,,r70,r70,,r70,,,,,,,,r70,,,,,,,,,,,,,,,,,,,,,,,,,,,,,,,,,,,,,,,,,,,,,,,,,,,,,,,,,,
632,,,,,,,,,,,,,r67,r67,r67,r67,r67,r67,r67,r67,r67,r67,r67,r67,,,,r67,r67,,r67,,,,,,,,r67,,,,,,,,,,,,,,,,,,,,,,,,,,,,,,,,,,,,,,,,,,,,,,,,,,,,,,,,,,
633,,,,,,,,,,,,,r69,r69,r69,r69,r69,r69,r69,r69,r69,r69,r69,r69,,,,r69,r69,,r69,,,,,,,,r69,,,,,,,,,,,,,,,,,,,,,,,,,,,,,,,,,,,,,,,,,,,,,,,,,,,,,,,,,,
634,,,,,,,,,,,,,,,,,,,,,,,,,,s821,,,,,,,,,,,,,,,,,,,,,,,,,,,,,,,,,,,,,,,,,,,,,,,,,,,,,,,,,,,,,,,,,,,,,,,
635,,,,,,,,,,,,,,,,,,,,,,,,,,s822,,,,,,,,,,,,,,,,,,,,,,,,,,,,,,,,,,,,,,,,,,,,,,,,,,,,,,,,,,,,,,,,,,,,,,,
636,,,,,,,,,,,,,,,,s405,,,,,,,,,s401,,,,s406,,,,,,,s204,,,s202,s404,,,,,,,203,403,,823,,,,,,,,,,,,,,,,,,,,,,,,,,,,,,,,,,,,,,,,,,,,,,,
637,,,,,,,,,,,,,,r68,r68,r68,r68,r68,r68,r68,r68,r68,r68,r68,,r68,,,r68,,,r68,,,,,,,r68,,,,,,,,,,,,,,,,,,,,,,,,,,,,,,,,,,,,,,,,,,,,,,,,,,,,,,,,,,
638,,,,,,,,,,,,,,r11,r11,r11,r11,r11,r11,r11,r11,r11,r11,r11,,r11,,,r11,,,r11,,,,,,,r11,,,,,,,,,,,,,,,,,,,,,,,,,,,,,,,,,,,,,,,,,,,,,,,,,,,,,,,,,,
639,,,,,,,,,,,,,,,,,,,,,,,,,,,,,,s824,,,,,,,,,,,,,,,,,,,,,,,,,,,,,,,,,,,,,,,,,,,,,,,,,,,,,,,,,,,,,,,,,,,
640,,,,,,,,,,,,,,,,,,,,,,,,,,r127,,,,,,,,,,,,,,,,,,,,,,,,,,,,,,,,,,,,,,,,,,,,,,,,,,,,,,,,,,,,,,,,,,,,,,,
641,,,,,,,,,,,,,,,,,,s127,s128,s124,s126,s125,s121,,,r129,,,,,,s825,,,,,,,,,,,,,,,,,,,,,,,,,,,,,,,,,,,,,,,,,410,,,,,,,,,,,,,,,,,,,,,,,,
642,,,,,,,,,,,,,,,,,,r54,r54,r54,r54,r54,r54,,,r54,,,,,,r54,,,,,,,,,,,,,,,,,,,,,,,,,,,,,,,,,,,,,,,,,410,,,,,,,,,,,,,,,,,,,,,,,,
643,,,,,,,,,,,,,,r60,r60,s165,s166,r60,r60,r60,r60,r60,r60,,,r60,,,,,,r60,,,,,,,,,,,,,,,,,,,,,,,,,,,,,,,,,,,,,,,,,,,,,,413,,,,,,,,,,,,,,,,,,,
644,,,,,,,,,,,,,,,,,,r106,r106,r106,r106,r106,r106,,,r106,,,,,,r106,,,,,,,,,,,,,,,,,,,,,,,,,,,,,,,,,,,,,,,,,,,,,,,,,,,,,,,,,,,,,,,,,
645,,s40,s12,s43,s532,,s46,s56,,s50,s45,s58,,,,s536,,,,,,,,,s113,,s105,r28,s112,,s33,,,,,s533,,,s114,s111,,,,,,,531,534,528,535,,,29,34,,98,,,,414,527,35,36,529,38,39,530,42,44,54,55,99,,103,101,,104,,107,,,,,,,,,,,,,,,,,,
646,,,,,,,,,,,,,,r62,r62,r62,r62,r62,r62,r62,r62,r62,r62,,,r62,,,,,,r62,,,,,,,,,,,,,,,,,,,,,,,,,,,,,,,,,,,,,,,,,,,,,,,,,,,,,,,,,,,,,,,,,
647,,,,,,,,,,,,,,,,,,r26,r26,r26,r26,r26,r26,,,r26,,,,,,r26,,,,,,,,,,,,,,,,,,,,,,,,,,,,,,,,,,,,,,,,,,,,,,,,,,,,,,,,,,,,,,,,,
648,,,,,,,,,,,,,,,,,,r110,r110,r110,r110,r110,r110,,,r110,,,,,,r110,,,,,,,,,,,,,,,,,,,,,,,,,,,,,,,,,,,,,,,,,,,,,,,,,,,,,,,,,,,,,,,,,
649,,,,,,,,,,,,,,,,,,s127,s128,s124,s126,s125,s121,,,,r95,,,,,,,,,,,,,,,,,,,,,,,,,,,,,,,,,,,,,,,,,,,,,,319,,,,,,,,,,,,826,,,,,,,,,,,,
650,,,,,,s827,,,,,,,,,,,,,,,,,,,,,,,,,,,,,,,,,,,,,,,,,,,,,,,,,,,,,,,,,,,,,,,,,,,,,,,,,,,,,,,,,,,,,,,,,,,
651,,,,,,,,,,,,,,r10,r10,r10,r10,r10,r10,r10,r10,r10,r10,r10,,r10,,,r10,,,r10,,,,,,,r10,,,,,,,,,,,,,,,,,,,,,,,,,,,,,,,,,,,,,,,,,,,,,,,,,,,,,,,,,,
652,,,,,,,,,,,,,,,,,,s127,s128,s124,s126,s125,s121,,,,,,,s828,,,,,,,,,,,,,,,,,,,,,,,,,,,,,,,,,,,,,,,,,,,607,,,,,,,,,,,,,,,,,,,,,,,,
653,,,,,,,,,,,,,,r67,r67,r67,r67,r67,r67,r67,r67,r67,r67,r67,,r67,,,,,,r67,,,,,,,r67,,,,,,,,,,,,,,,,,,,,,,,,,,,,,,,,,,,,,,,,,,,,,,,,,,,,,,,,,,
654,,,,,,,,,,,,,,r69,r69,r69,r69,r69,r69,r69,r69,r69,r69,r69,,r69,,,,,,r69,,,,,,,r69,,,,,,,,,,,,,,,,,,,,,,,,,,,,,,,,,,,,,,,,,,,,,,,,,,,,,,,,,,
655,,,,,,,,,,,,,,r73,r73,r73,r73,r73,r73,r73,r73,r73,r73,r73,,r73,,,r73,,,r73,,,,,,,r73,,,,,,,,,,,,,,,,,,,,,,,,,,,,,,,,,,,,,,,,,,,,,,,,,,,,,,,,,,
656,,,,,,,,,,,,,,r70,r70,r70,r70,r70,r70,r70,r70,r70,r70,r70,,r70,,,,,,r70,,,,,,,r70,,,,,,,,,,,,,,,,,,,,,,,,,,,,,,,,,,,,,,,,,,,,,,,,,,,,,,,,,,
657,,,,,,,,,,,,,,,,,,,,,,,,,,s829,,,,,,,,,,,,,,,,,,,,,,,,,,,,,,,,,,,,,,,,,,,,,,,,,,,,,,,,,,,,,,,,,,,,,,,
658,,,,,,,,,,,,,,r10,r10,r10,r10,r10,r10,r10,r10,r10,r10,r10,,,,r10,r10,,r10,,,,,,,,r10,,,,,,,,,,,,,,,,,,,,,,,,,,,,,,,,,,,,,,,,,,,,,,,,,,,,,,,,,,
659,,,,,,,,,,,,,,,,,,s127,s128,s124,s126,s125,s121,,,,,,,s830,,,,,,,,,,,,,,,,,,,,,,,,,,,,,,,,,,,,,,,,,,,607,,,,,,,,,,,,,,,,,,,,,,,,
660,,,,,,,,,,,,,,,,,,,,,,,,,,s831,,,,,,,,,,,,,,,,,,,,,,,,,,,,,,,,,,,,,,,,,,,,,,,,,,,,,,,,,,,,,,,,,,,,,,,
661,,,,,,,,,,,,,,,,s435,,,,,,,,,s431,,,,s436,,,,,,,s210,,,s65,s434,,,,,,,209,433,,832,,,,,,,,,,,,,,,,,,,,,,,,,,,,,,,,,,,,,,,,,,,,,,,
662,,,,,,,,,,,,,,r68,r68,r68,r68,r68,r68,r68,r68,r68,r68,r68,,,,r68,r68,,r68,,,,,,,,r68,,,,,,,,,,,,,,,,,,,,,,,,,,,,,,,,,,,,,,,,,,,,,,,,,,,,,,,,,,
663,,,,,,,,,,,,,,r11,r11,r11,r11,r11,r11,r11,r11,r11,r11,r11,,,,r11,r11,,r11,,,,,,,,r11,,,,,,,,,,,,,,,,,,,,,,,,,,,,,,,,,,,,,,,,,,,,,,,,,,,,,,,,,,
664,,,,,,,,,,,,,,,,,,,,,,,,,,,,,,s833,,,,,,,,,,,,,,,,,,,,,,,,,,,,,,,,,,,,,,,,,,,,,,,,,,,,,,,,,,,,,,,,,,,
665,,,,,,,,,,,,,,r60,r60,s165,s166,r60,r60,r60,r60,r60,r60,,,,,,,r60,,r60,,,,,,,,,,,,,,,,,,,,,,,,,,,,,,,,,,,,,,,,,,,,,,442,,,,,,,,,,,,,,,,,,,
666,,,,,,,,,,,,,,,,,,r54,r54,r54,r54,r54,r54,,,,,,,r54,,r54,,,,,,,,,,,,,,,,,,,,,,,,,,,,,,,,,,,,,,,,,439,,,,,,,,,,,,,,,,,,,,,,,,
667,,,,,,,,,,,,,,,,,,,,,,,,,,,,,,r78,,,,,,,,,,,,,,,,,,,,,,,,,,,,,,,,,,,,,,,,,,,,,,,,,,,,,,,,,,,,,,,,,,,
668,,,,,,,,,,,,,,,,,,r106,r106,r106,r106,r106,r106,,,,,,,r106,,r106,,,,,,,,,,,,,,,,,,,,,,,,,,,,,,,,,,,,,,,,,,,,,,,,,,,,,,,,,,,,,,,,,
669,,s40,s12,s43,s532,,s46,s56,,s50,s45,s58,,,,s536,,,,,,,,,s113,,s105,r28,s112,,s33,,,,,s533,,,s114,s111,,,,,,,531,534,528,535,,,29,34,,98,,,,443,527,35,36,529,38,39,530,42,44,54,55,99,,103,101,,104,,107,,,,,,,,,,,,,,,,,,
670,,,,,,,,,,,,,,r62,r62,r62,r62,r62,r62,r62,r62,r62,r62,,,,,,,r62,,r62,,,,,,,,,,,,,,,,,,,,,,,,,,,,,,,,,,,,,,,,,,,,,,,,,,,,,,,,,,,,,,,,,
671,,,,,,,,,,,,,,,,,,r26,r26,r26,r26,r26,r26,,,,,,,r26,,r26,,,,,,,,,,,,,,,,,,,,,,,,,,,,,,,,,,,,,,,,,,,,,,,,,,,,,,,,,,,,,,,,,
672,,,,,,,,,,,,,,,,,,r110,r110,r110,r110,r110,r110,,,,,,,r110,,r110,,,,,,,,,,,,,,,,,,,,,,,,,,,,,,,,,,,,,,,,,,,,,,,,,,,,,,,,,,,,,,,,,
673,,,,,,,,,,,,,,,,,,s127,s128,s124,s126,s125,s121,,,,r95,,,,,,,,,,,,,,,,,,,,,,,,,,,,,,,,,,,,,,,,,,,,,,319,,,,,,,,,,,,834,,,,,,,,,,,,
674,,,,,,s835,,,,,,,,,,,,,,,,,,,,,,,,,,,,,,,,,,,,,,,,,,,,,,,,,,,,,,,,,,,,,,,,,,,,,,,,,,,,,,,,,,,,,,,,,,,
675,,,,,,,,,,,,,,r10,r10,r10,r10,r10,r10,r10,r10,r10,r10,r10,,,,,r10,r10,,r10,,,,,,,r10,,,,,,,,,,,,,,,,,,,,,,,,,,,,,,,,,,,,,,,,,,,,,,,,,,,,,,,,,,
676,,,,,,,,,,,,,,,,,,s127,s128,s124,s126,s125,s121,,,,,,,s836,,,,,,,,,,,,,,,,,,,,,,,,,,,,,,,,,,,,,,,,,,,607,,,,,,,,,,,,,,,,,,,,,,,,
677,,,,,,,,,,,,,,,,,,,,,,,,,,s837,,,,,,,,,,,,,,,,,,,,,,,,,,,,,,,,,,,,,,,,,,,,,,,,,,,,,,,,,,,,,,,,,,,,,,,
678,,,,,,,,,,,,,,,,s454,,,,,,,,,s450,,,,s455,,,,,,,s233,,,s231,s453,,,,,,,232,452,,838,,,,,,,,,,,,,,,,,,,,,,,,,,,,,,,,,,,,,,,,,,,,,,,
679,,,,,,,,,,,,,,r68,r68,r68,r68,r68,r68,r68,r68,r68,r68,r68,,,,,r68,r68,,r68,,,,,,,r68,,,,,,,,,,,,,,,,,,,,,,,,,,,,,,,,,,,,,,,,,,,,,,,,,,,,,,,,,,
680,,,,,,,,,,,,,,r11,r11,r11,r11,r11,r11,r11,r11,r11,r11,r11,,,,,r11,r11,,r11,,,,,,,r11,,,,,,,,,,,,,,,,,,,,,,,,,,,,,,,,,,,,,,,,,,,,,,,,,,,,,,,,,,
681,,,,,,,,,,,,,,,,,,,,,,,,,,,,,,s839,,,,,,,,,,,,,,,,,,,,,,,,,,,,,,,,,,,,,,,,,,,,,,,,,,,,,,,,,,,,,,,,,,,
682,,,,,,,,,,,,,,r67,r67,r67,r67,r67,r67,r67,r67,r67,r67,r67,,,,,,r67,,r67,,,,,,,r67,,,,,,,,,,,,,,,,,,,,,,,,,,,,,,,,,,,,,,,,,,,,,,,,,,,,,,,,,,
683,,,,,,,,,,,,,,r69,r69,r69,r69,r69,r69,r69,r69,r69,r69,r69,,,,,,r69,,r69,,,,,,,r69,,,,,,,,,,,,,,,,,,,,,,,,,,,,,,,,,,,,,,,,,,,,,,,,,,,,,,,,,,
684,,,,,,,,,,,,,,r73,r73,r73,r73,r73,r73,r73,r73,r73,r73,r73,,,,,r73,r73,,r73,,,,,,,r73,,,,,,,,,,,,,,,,,,,,,,,,,,,,,,,,,,,,,,,,,,,,,,,,,,,,,,,,,,
685,,,,,,,,,,,,,,r70,r70,r70,r70,r70,r70,r70,r70,r70,r70,r70,,,,,,r70,,r70,,,,,,,r70,,,,,,,,,,,,,,,,,,,,,,,,,,,,,,,,,,,,,,,,,,,,,,,,,,,,,,,,,,
686,,,,,,,,,,,,,,,,,,,,,,,,,,s840,,,,,,,,,,,,,,,,,,,,,,,,,,,,,,,,,,,,,,,,,,,,,,,,,,,,,,,,,,,,,,,,,,,,,,,
687,,,,,,,,,,,,,,,,,,,,,,,,,,,s842,,,,,,,,,,,,,,,,,,,,,,,,,,,,,841,,,,,,,,,,,,,,,,,,,,,,,,,,,,,,,,,,,,,,,,,
688,,,,,,,,,,,,,,,,,,,,,,,,,,,s844,,,,,,,,,,,,,,,,,,,,,,,,,,,,,,,,,,,,,,,,,,,,,,,843,,,,,,,,,,,,,,,,,,,,,,,
689,r8,r8,r8,,,,,,,,,,,r8,r8,r8,r8,r8,r8,r8,r8,r8,r8,r8,,,,,r8,,,,,,,r8,,,r8,,r8,,,,,,,,,,,,,,,,,,,,,,,,,,,,,,,,,,,,,,,,,,,,,,,,,,,,,,,,
690,r70,r70,r70,,,,,,,,,,,r70,r70,r70,r70,r70,r70,r70,r70,r70,r70,r70,,,,,r70,,,,,,,r70,,,r70,,r70,,,,,,,,,,,,,,,,,,,,,,,,,,,,,,,,,,,,,,,,,,,,,,,,,,,,,,,,
691,r67,r67,r67,,,,,,,,,,,r67,r67,r67,r67,r67,r67,r67,r67,r67,r67,r67,,,,,r67,,,,,,,r67,,,r67,,r67,,,,,,,,,,,,,,,,,,,,,,,,,,,,,,,,,,,,,,,,,,,,,,,,,,,,,,,,
692,r69,r69,r69,,,,,,,,,,,r69,r69,r69,r69,r69,r69,r69,r69,r69,r69,r69,,,,,r69,,,,,,,r69,,,r69,,r69,,,,,,,,,,,,,,,,,,,,,,,,,,,,,,,,,,,,,,,,,,,,,,,,,,,,,,,,
693,r74,r74,r74,,,,,,,,,,,r74,r74,r74,r74,r74,r74,r74,r74,r74,r74,r74,,,,,r74,,,,,,,r74,,,r74,,r74,,,,,,,,,,,,,,,,,,,,,,,,,,,,,,,,,,,,,,,,,,,,,,,,,,,,,,,,
694,,,,,,,,,,,,,,,,,,,,,,,,,s848,,,,s846,,,,,,,,s847,,,s849,,,,,845,,,,,,,,,,,,,,,,,,,,,,,,,,,,,,,,,,,,,,,,,,,,,,,,,,,,
695,,,,,,,,,,,,,,,,,,,,,,,,,,r22,,,,,,,,,,,,,,,,,,,,,,,,,,,,,,,,,,,,,,,,,,,,,,,,,,,,,,,,,,,,,,,,,,,,,,,
696,,,,,,,,,,,,,,,,,,,,,,,,,s707,,,,s705,,,,,,,,s706,,,s708,,,,,850,,,,,,,,,,,,,,,,,,,,,,,,,,,,,,,,,,,,,,,,,,,,,,,,,,,,
697,r43,r43,r43,,,,,,,,,,,,,,,,,,,,,,,,,,,,,,,,,r43,,,,,r43,,,,,,,,,,,,,,,,,,,,,,,,,,,,,,,,,,,,,,,,,,,,,,,,,,,,,,,,
698,,,,,,,,,,,,,,,,,,,,,,,,,,,,,,s851,,,,,,,,,,,,,,,,,,,,,,,,,,,,,,,,,,,,,,,,,,,,,,,,,,,,,,,,,,,,,,,,,,,
699,,,,,,,,,,,,,,,,,,,,,,,,,,,,,,,,,,,,,,,s852,,,,,,,,,,,,,,,,,,,,,,,,,,,,,,,,,,,,,,,,,,,,,,,,,,,,,,,,,,
700,,,,,,,,,,,,,,,,,,,,,,,,,,,,,,,r4,,,,,,,,,,,,,,,,,,,,,,,,,,,,,,,,,,,,,,,,,,,,,,,,,,,,,,,,,,,,,,,,,,
701,,,,,,,,,,,,,,,,,,,,,,,,,,,,,,,r5,,,,,,,,,,,,,,,,,,,,,,,,,,,,,,,,,,,,,,,,,,,,,,,,,,,,,,,,,,,,,,,,,,
702,,,,,,,,,,,,,,,,,,,,,,,,,,,,,,,,,,,,,,,s853,,,,,,,,,,,,,,,,,,,,,,,,,,,,,,,,,,,,,,,,,,,,,,,,,,,,,,,,,,
703,,,,,,,,,,,,,,,,,,,,,,,,,,r122,,,,,,,,,,,,,,,,,,,,,,,,,,,,,,,,,,,,,,,,,,,,,,,,,,,,,,,,,,,,,,,,,,,,,,,
704,,,,,,,,,,,,,,,,,,,,,,,,,,r124,,,,,,s854,,,,,,,,,,,,,,,,,,,,,,,,,,,,,,,,,,,,,,,,,,,,,,,,,,,,,,,,,,,,,,,,,
705,,,,,,,,,,,,,,,,,,,,,,,,,s267,,,,s265,,,,,,,,s266,,,s268,,,,,855,,,,,,,,,,,,,,,,,,,,,,,,,,,,,,,,,,,,,,,,,,,,,,,,,,,,
706,,,,,,,,,,,,,,,,,,,,,,,,,,r2,,,,,,r2,,,,,,,,,,,,,,,,,,,,,,,,,,,,,,,,,,,,,,,,,,,,,,,,,,,,,,,,,,,,,,,,,
707,,,,,,,,,,,,,,,,,,,,,,,,,s273,r121,,,s269,,,,,,,,s270,,,s274,,,,,272,856,,,,,,,,,,,,,,,,,,,,,,,,,,,,,,,,,,,,,,,,,,,,,,,,,,,
708,,,s857,,,,,,,,,,,,,,,,,,,,,,s707,,,,s705,,,,,,,,s706,,,s708,,,,,858,,,,,,,,,,,,,,,,,,,,,,,,,,,,,,,,,,,,,,,,,,,,,,,,,,,,
709,,,,,,,,,,,,,,,,,,,,,,,,,,,,,,,,r4,,,,,,,,,,,,,,,,,,,,,,,,,,,,,,,,,,,,,,,,,,,,,,,,,,,,,,,,,,,,,,,,,
710,,,,,,,,,,,,,,,,,,,,,,,,,,,,,,,,r5,,,,,,,,,,,,,,,,,,,,,,,,,,,,,,,,,,,,,,,,,,,,,,,,,,,,,,,,,,,,,,,,,
711,,,,,,,,,,,,,,,,,,,,,,,,,,,s860,,,,,,,,,,,,,,,,,,,,,,,,,,,,,859,,,,,,,,,,,,,,,,,,,,,,,,,,,,,,,,,,,,,,,,,
712,,,,,,,,,,,,,,,,,,,,,,,,,,,s862,,,,,,,,,,,,,,,,,,,,,,,,,,,,,,,,,,,,,,,,,,,,,,,861,,,,,,,,,,,,,,,,,,,,,,,
713,,,,,,,,,,,,,,r8,r8,r8,r8,r8,r8,r8,r8,r8,r8,r8,,,,,r8,,r8,,,,,,,,r8,,,,,,,,,,,,,,,,,,,,,,,,,,,,,,,,,,,,,,,,,,,,,,,,,,,,,,,,,,
714,,,,,,,,,,,,,,r70,r70,r70,r70,r70,r70,r70,r70,r70,r70,r70,,,,,r70,,r70,,,,,,,,r70,,,,,,,,,,,,,,,,,,,,,,,,,,,,,,,,,,,,,,,,,,,,,,,,,,,,,,,,,,
715,,,,,,,,,,,,,,r67,r67,r67,r67,r67,r67,r67,r67,r67,r67,r67,,,,,r67,,r67,,,,,,,,r67,,,,,,,,,,,,,,,,,,,,,,,,,,,,,,,,,,,,,,,,,,,,,,,,,,,,,,,,,,
716,,,,,,,,,,,,,,r69,r69,r69,r69,r69,r69,r69,r69,r69,r69,r69,,,,,r69,,r69,,,,,,,,r69,,,,,,,,,,,,,,,,,,,,,,,,,,,,,,,,,,,,,,,,,,,,,,,,,,,,,,,,,,
717,,,,,,,,,,,,,,r74,r74,r74,r74,r74,r74,r74,r74,r74,r74,r74,,,,,r74,,r74,,,,,,,,r74,,,,,,,,,,,,,,,,,,,,,,,,,,,,,,,,,,,,,,,,,,,,,,,,,,,,,,,,,,
718,,,,,,,,,,,,,,,,,,r106,r106,r106,r106,r106,r106,,,,,r106,,,r106,,,,,,,,,,,,,,,,,,,,,,,,,,,,,,,,,,,,,,,,,,,,,,,,,,,,,,,,,,,,,,,,,,
719,,s40,s12,s43,s532,,s46,s56,,s50,s45,s58,,,,s536,,,,,,,,,s113,,s105,r28,s112,,s33,,,,,s533,,,s114,s111,,,,,,,531,534,528,535,,,29,34,,98,,,,168,527,35,36,529,38,39,530,42,44,54,55,99,,103,101,,104,,107,,,,,,,,,,,,,,,,,,
720,,,,,,,,,,,,,,,,,,s127,s128,s124,s126,s125,s121,,,,r95,,,,,,,,,,,,,,,,,,,,,,,,,,,,,,,,,,,,,,,,,,,,,,319,,,,,,,,,,,,863,,,,,,,,,,,,
721,,r48,r48,r48,r48,,r48,r48,,r48,r48,r48,,,,r48,,,,,,,,,r48,,r48,r48,r48,,r48,,,,,r48,,,r48,r48,,,,,,,,,,,,,,,,,,,,,,,,,,,,,,,,,,,,,,,,,,,,,,,,,,,,,,,,,
722,,,,,s106,,,,,s100,,,,,,s110,,,,,,,,,s113,,s105,,s112,,,,,,,s116,,,s114,s111,,,,,,,115,109,864,108,,,,,,98,,,,,,,,97,,,102,,,,,99,,103,101,,104,,107,,,,,,,,,,,,,,,,,,
723,,r44,r44,r44,r44,,r44,r44,,r44,r44,r44,,,,r44,,,,,,,,,r44,,r44,r44,r44,,r44,,,,,r44,,,r44,r44,,,,,,,,,,,,,,,,,,,,,,,,,,,,,,,,,,,,,,,,,,,,,,,,,,,,,,,,,
724,,r100,r100,r100,r100,,r100,r100,,r100,r100,r100,,,,r100,,,,,,,,,r100,,r100,r100,r100,,r100,,,,,r100,,,r100,r100,,,,,,,,,,,,,,,,,,,,,,,,,,,,,,,,,,,,,,,,,,,,,,,,,,,,,,,,,
725,,s40,s12,s43,s532,,s46,s56,,s50,s45,s58,,,,s536,,,,,,,,,s113,,s105,r28,s112,,s33,,,,,s533,,,s114,s111,,,,,,,531,534,528,535,,,29,34,,98,,,,865,527,35,36,529,38,39,530,42,44,54,55,99,,103,101,,104,,107,,,,,,,,,,,,,,,,,,
726,,r26,r26,r26,r26,,r26,r26,,r26,r26,r26,,,,r26,,r26,r26,r26,r26,r26,r26,,r26,,r26,r26,r26,,r26,,,,,r26,,,r26,r26,,,,,,,,,,,,,,,,,,,,,,,,,,,,,,,,,,,,,,,,,,,,,,,,,,,,,,,,,
727,,,,,s382,,,,,s376,,,,,,s386,,,,,,,,,s389,,s381,,s388,,,,,,,s392,,,s390,s387,,,,,,,391,385,866,384,,,,,,374,,,,,,,,373,,,378,,,,,375,,379,377,,380,,383,,,,,,,,,,,,,,,,,,
728,,,,,,,,,,,,,r9,r9,r9,r9,r9,r9,r9,r9,r9,r9,r9,r9,,,,,r9,,r9,,,,,,,,r9,,,,,,,,,,,,,,,,,,,,,,,,,,,,,,,,,,,,,,,,,,,,,,,,,,,,,,,,,,
729,,,,,,,,,,,,,,,,,,,,,,,,,,,,,,,,,,,,,,,s867,,,,,,,,,,,,,,,,,,,,,,,,,,,,,,,,,,,,,,,,,,,,,,,,,,,,,,,,,,
730,,,,,s195,,,,,s189,,,,,,s183,,,,,,,,,s201,r126,s194,,s200,,,,,,,s204,,,s202,s199,,,,,,,203,198,868,197,,,,,,187,,,,,,,,186,,,191,,,,,188,,192,190,,193,,196,,869,,,,,,,,,,,,,,,,
731,,,,,,,,,,,,,r11,r11,r11,r11,r11,r11,r11,r11,r11,r11,r11,r11,,,,,r11,,r11,,,,,,,,r11,,,,,,,,,,,,,,,,,,,,,,,,,,,,,,,,,,,,,,,,,,,,,,,,,,,,,,,,,,
732,,,,,,,,,,,,,r71,r71,r71,r71,r71,r71,r71,r71,r71,r71,r71,r71,,,,,r71,,r71,,,,,,,,r71,,,,,,,,,,,,,,,,,,,,,,,,,,,,,,,,,,,,,,,,,,,,,,,,,,,,,,,,,,
733,,,,,,,,,,,,,r65,r65,r65,r65,r65,r65,r65,r65,r65,r65,r65,r65,,,,,r65,,r65,,,,,,,,r65,,,,,,,,,,,,,,,,,,,,,,,,,,,,,,,,,,,,,,,,,,,,,,,,,,,,,,,,,,
734,,,s870,,,,,,,,,,,,,s735,,,,,,,,,s730,,,,s736,,,,,,,s738,,,s732,s734,,,,,,,737,733,,871,,,,,,,,,,,,,,,,,,,,,,,,,,,,,,,,,,,,,,,,,,,,,,,
735,,,,,,,,,,,,,,,,s735,,,,,,,,,s730,,,,s736,,,,,,,s738,,,s732,s734,,,,,,,737,733,,872,,,,,,,,,,,,,,,,,,,,,,,,,,,,,,,,,,,,,,,,,,,,,,,
736,,,,,s223,,,,,s219,,,,,,s227,,,,,,,,,s230,,s222,,s229,r76,,,,,,s233,,,s231,s228,,,,,,,232,226,215,225,,,,,,212,,,,,,,,211,,,216,,,,,213,,218,220,,221,,224,873,,,217,,,,,,,,,,,,,,
737,,,,,,,,,,,,,r72,r72,r72,r72,r72,r72,r72,r72,r72,r72,r72,r72,,,,,r72,,r72,,,,,,,,r72,,,,,,,,,,,,,,,,,,,,,,,,,,,,,,,,,,,,,,,,,,,,,,,,,,,,,,,,,,
738,,,,,,,,,,,,,r7,r7,r7,r7,r7,r7,r7,r7,r7,r7,r7,r7,s874,,,,r7,,r7,,,,,,,,r7,,,,,,,,,,,,,,,,,,,,,,,,,,,,,,,,,,,,,,,,,,,,,,,,,,,,,,,,,,
739,,r96,r96,r96,r96,r99,r96,r96,,r96,r96,r96,,,,r96,,r96,r96,r96,r96,r96,r96,,r96,,r96,r96,r96,,r96,,,,,r96,,,r96,r96,,,,,,,,,,,,,,,,,,,,,,,,,,,,,,,,,,,,,,,,,,,,,,875,876,,,,,,,,,,
740,,s40,s12,s43,s532,,s46,s56,,s50,s45,s58,,,,s536,,,,,,,,,s113,,s105,r28,s112,,s33,,,,,s533,,,s114,s111,,,,,,,531,534,528,535,,,29,34,,98,,,,877,527,35,36,529,38,39,530,42,44,54,55,99,,103,101,,104,,107,,,,,,,,,,,,,,,,,,
741,,,,,,,,,,,,,,,,,,r120,r120,r120,r120,r120,r120,,,,,r120,,,r120,,,,,,,,,,,,,,,,,,,,,,,,,,,,,,,,,,,,,,,,,,,,,,,,,,,,,,,,,,,,,,,,,,
742,,s546,s12,s556,s53,,s545,s563,,s50,s558,s559,,,,s63,,,,,,,,,s66,,s59,,s68,,s548,,,,,s60,,,s65,s67,,,,,,,561,61,543,62,,,550,551,,48,,,,,541,549,552,544,553,554,547,555,557,560,562,47,,49,51,,57,,64,,,,,,,,,,,,,,169,,,,
743,,,,,,r110,,,,,,,,,,,,,,,,,,,,,,,,,,,,,,,,,,,,,,,,,,,,,,,,,,,,,,,,,,,,,,,,,,,,,,,,,,,,,,,,,,,,,,,,,,,
744,,r34,r34,r34,r34,,r34,r34,,r34,r34,r34,,,,r34,,,,,,,,,r34,,r34,,r34,,r34,,,,,r34,,,r34,r34,,,,,,,,,,,,,,,,,,,,,,,,,,,,,,,,,,,,,,,,,,,,,,,,,,,,,,,,,
745,,,,,s151,,,,,s145,,,,,,s155,,,,,,,,,s158,,s150,,s157,,,,,,,s161,,,s159,s156,,,,,,,160,154,878,153,,,,,,143,,,,,,,,142,,,147,,,,,144,,148,146,,149,,152,,,,,,,,,,,,,,,,,,
746,,,,,,,,,,,,,s881,,,,,,,,,,,,,,,,,,s879,,s880,,,,,,,,,,,,,,,,,,,,,,,,,,,,,,,,,,,,,,,,,,,,,,,,,,,,,,,,,,,,,,,,
747,,r51,r51,r51,r51,,r51,r51,,r51,r51,r51,,,,r51,,,,,,,,,r51,,r51,,r51,,r51,,,,,r51,,,r51,r51,,,,,,,,,,,,,,,,,,,,,,,,,,,,,,,,,,,,,,,,,,,,,,,,,,,,,,,,,
748,,,,,,,,,,,,,,,,,,s127,s128,s124,s126,s125,s121,,,,,,,,s882,,,,,,,,,,,,,,,,,,,,,,,,,,,,,,,,,,,,,,,,,,278,,,,,,,,,,,,,,,,,,,,,,,,
749,,,,,,,,,,,,,,,,,,s127,s128,s124,s126,s125,s121,,,,,,,,s883,,,,,,,,,,,,,,,,,,,,,,,,,,,,,,,,,,,,,,,,,,278,,,,,,,,,,,,,,,,,,,,,,,,
750,,r108,r108,r108,r108,,r108,r108,,r108,r108,r108,,,,r108,,,,,,,,,r108,,r108,,r108,,r108,,,,,r108,,,r108,r108,,,,,,,,,,,,,,,,,,,,,,,,,,,,,,,,,,,,,,,,,,,,,,,,,,,,,,,,,
751,,r109,r109,r109,r109,,r109,r109,,r109,r109,r109,,,,r109,,,,,,,,,r109,,r109,,r109,,r109,,,,,r109,,,r109,r109,,,,,,,,,,,,,,,,,,,,,,,,,,,,,,,,,,,,,,,,,,,,,,,,,,,,,,,,,
752,,,,,s894,,,,,s888,,,,,,s898,,,,,,,,,s901,,s893,,s900,,,,,,,s904,,,s902,s899,,,,,,,903,897,884,896,,,,,,886,,,,,,,,885,,,890,,,,,887,,891,889,,892,,895,,,,,,,,,,,,,,,,,,
753,,,,,s106,,,,,s100,,,,,,s110,,,,,,,,,s113,,s105,,s112,,,,,,,s116,,,s114,s111,,,,,,,115,109,905,108,,,,,,98,,,,,,,,97,,,102,,,,,99,,103,101,,104,,107,,,,,,,,,,,,,,,,,,
754,,s365,s12,,,,,,,,,,,,,,,,,,,,,,,,,,,,,,,,,s13,,,,,,,,,,,,,,,,,,906,,,,,,,,,,,,,,,,363,366,,,,,,,,,,,,,,,,,,,,,,,,,,
755,,,,,,,,,,,,,,,,,,,,,,,,,,,s908,,,,,,,,,,,,,,,,,,,,,,,,,,,,,907,,,,,,,,,,,,,,,,,,,,,,,,,,,,,,,,,,,,,,,,,
756,,,,,,,,,,,,,,,,,,,,,,,,,,,s910,,,,,,,,,,,,,,,,,,,,,,,,,,,,,,,,,,,,,,,,,,,,,,,909,,,,,,,,,,,,,,,,,,,,,,,
757,,,,,,,,,,,,,,r8,r8,r8,r8,r8,r8,r8,r8,r8,r8,r8,,,r8,,r8,,,,,,,,,,r8,,,,,,,,,,,,,,,,,,,,,,,,,,,,,,,,,,,,,,,,,,,,,,,,,,,,,,,,,,
758,,,,,,,,,,,,,,r70,r70,r70,r70,r70,r70,r70,r70,r70,r70,r70,,,r70,,r70,,,,,,,,,,r70,,,,,,,,,,,,,,,,,,,,,,,,,,,,,,,,,,,,,,,,,,,,,,,,,,,,,,,,,,
759,,,,,,,,,,,,,,r67,r67,r67,r67,r67,r67,r67,r67,r67,r67,r67,,,r67,,r67,,,,,,,,,,r67,,,,,,,,,,,,,,,,,,,,,,,,,,,,,,,,,,,,,,,,,,,,,,,,,,,,,,,,,,
760,,,,,,,,,,,,,,r69,r69,r69,r69,r69,r69,r69,r69,r69,r69,r69,,,r69,,r69,,,,,,,,,,r69,,,,,,,,,,,,,,,,,,,,,,,,,,,,,,,,,,,,,,,,,,,,,,,,,,,,,,,,,,
761,,,,,,,,,,,,,,r74,r74,r74,r74,r74,r74,r74,r74,r74,r74,r74,,,r74,,r74,,,,,,,,,,r74,,,,,,,,,,,,,,,,,,,,,,,,,,,,,,,,,,,,,,,,,,,,,,,,,,,,,,,,,,
762,,r54,r54,r54,r54,,r54,r54,,r54,r54,r54,,,,r54,,r54,r54,r54,r54,r54,r54,,r54,,r54,r54,r54,,r54,,,,,r54,,,r54,r54,,,,,,,,,,,,,,,,,,,,,,,,,,,,,,,,,584,,,,,,,,,,,,,,,,,,,,,,,,
763,,r60,r60,r60,r60,,r60,r60,,r60,r60,r60,,r60,r60,r60,s166,r60,r60,r60,r60,r60,r60,,r60,,r60,r60,r60,,r60,,,,,r60,,,r60,r60,,,,,,,,,,,,,,,,,,,,,,,,,,,,,,,,,,,,,,586,,,,,,,,,,,,,,,,,,,
764,,r62,r62,r62,r62,,r62,r62,,r62,r62,r62,,r62,r62,r62,r62,r62,r62,r62,r62,r62,r62,,r62,,r62,r62,r62,,r62,,,,,r62,,,r62,r62,,,,,,,,,,,,,,,,,,,,,,,,,,,,,,,,,,,,,,,,,,,,,,,,,,,,,,,,,
765,,r110,r110,r110,r110,,r110,r110,,r110,r110,r110,,,,r110,,r110,r110,r110,r110,r110,r110,,r110,,r110,r110,r110,,r110,,,,,r110,,,r110,r110,,,,,,,,,,,,,,,,,,,,,,,,,,,,,,,,,,,,,,,,,,,,,,,,,,,,,,,,,
766,,,,,,s911,,,,,,,,,,,,,,,,,,,,,,,,,,,,,,,,,,,,,,,,,,,,,,,,,,,,,,,,,,,,,,,,,,,,,,,,,,,,,,,,,,,,,,,,,,,
767,,r10,r10,r10,r10,,r10,r10,,r10,r10,r10,,r10,r10,r10,r10,r10,r10,r10,r10,r10,r10,r10,r10,,r10,r10,r10,,r10,,,,,r10,,,r10,r10,,,,,,,,,,,,,,,,,,,,,,,,,,,,,,,,,,,,,,,,,,,,,,,,,,,,,,,,,
768,,,,,,,,,,,,,,,,,,s127,s128,s124,s126,s125,s121,,,,,,,s912,,,,,,,,,,,,,,,,,,,,,,,,,,,,,,,,,,,,,,,,,,,607,,,,,,,,,,,,,,,,,,,,,,,,
769,,r67,r67,r67,r67,,r67,r67,,r67,r67,r67,,r67,r67,r67,r67,r67,r67,r67,r67,r67,r67,r67,r67,,r67,r67,r67,,r67,,,,,r67,,,r67,r67,,,,,,,,,,,,,,,,,,,,,,,,,,,,,,,,,,,,,,,,,,,,,,,,,,,,,,,,,
770,,r69,r69,r69,r69,,r69,r69,,r69,r69,r69,,r69,r69,r69,r69,r69,r69,r69,r69,r69,r69,r69,r69,,r69,r69,r69,,r69,,,,,r69,,,r69,r69,,,,,,,,,,,,,,,,,,,,,,,,,,,,,,,,,,,,,,,,,,,,,,,,,,,,,,,,,
771,,r73,r73,r73,r73,,r73,r73,,r73,r73,r73,,r73,r73,r73,r73,r73,r73,r73,r73,r73,r73,r73,r73,,r73,r73,r73,,r73,,,,,r73,,,r73,r73,,,,,,,,,,,,,,,,,,,,,,,,,,,,,,,,,,,,,,,,,,,,,,,,,,,,,,,,,
772,,r70,r70,r70,r70,,r70,r70,,r70,r70,r70,,r70,r70,r70,r70,r70,r70,r70,r70,r70,r70,r70,r70,,r70,r70,r70,,r70,,,,,r70,,,r70,r70,,,,,,,,,,,,,,,,,,,,,,,,,,,,,,,,,,,,,,,,,,,,,,,,,,,,,,,,,
773,,,,,,,,,,,,,,,,,,,,,,,,,,s913,,,,,,,,,,,,,,,,,,,,,,,,,,,,,,,,,,,,,,,,,,,,,,,,,,,,,,,,,,,,,,,,,,,,,,,
774,,,,,,,,,,,,,,,,,,s127,s128,s124,s126,s125,s121,,,,,,,,,,,,r45,,,,,,,,,,,,,,,,,,,,,,,,,,,,,,,,,,,,,,914,,,,,,,,,,,,,,,,,,,,,,,,
775,,,,,,,,,,,,,,,,,,r56,r56,r56,r56,r56,r56,,,,,,,,,,,,r56,,,,,,,,,,,,,,,,,,,,,,,,,,,,,,,,,,,,,,,,,,,,,,,,,,,,,,,,,,,,,,
776,,,,,,,,,,,,,,,,,,r55,r55,r55,r55,r55,r55,,,,,,,,,,,,r55,,,,,,,,,,,,,,,,,,,,,,,,,,,,,,,,,,,,,,,,,,,,,,,,,,,,,,,,,,,,,,
777,,,,,,,,,,,,,,s136,s137,,,r53,r53,r53,r53,r53,r53,,,,,,,,,,,,r53,,,,,,,,,,,,,,,,,,,,,,,,,,,,,,,,,,,,,,,,,915,,,,,,,,,,,,,,,,,,,,,
778,,,,,,,,,,,,,,,,,,,,,,,,,,,r107,,,,,,,,,,,,,,,,,,,,,,,,,,,,,,,,,,,,,,,,,,,,,,,,,,,,,,,,,,,,,,,,,916,,,,,
779,,,,,,,,,,,,,,,,,,r59,r59,r59,r59,r59,r59,,,,,,,,,,,,r59,,,,,,,,,,,,,,,,,,,,,,,,,,,,,,,,,,,,,,,,,,,,,,,,,,,,,,,,,,,,,,
780,,,,,,,,,,,,,,,,,,r57,r57,r57,r57,r57,r57,,,,,,,,,,,,r57,,,,,,,,,,,,,,,,,,,,,,,,,,,,,,,,,,,,,,,,,,,,,,,,,,,,,,,,,,,,,,
781,,,,,,,,,,,,,,,,,,r58,r58,r58,r58,r58,r58,,,,,,,,,,,,r58,,,,,,,,,,,,,,,,,,,,,,,,,,,,,,,,,,,,,,,,,,,,,,,,,,,,,,,,,,,,,,
782,,,,,,,,,,,,,,r61,r61,s165,s166,r61,r61,r61,r61,r61,r61,,,,,,,,,,,,r61,,,,,,,,,,,,,,,,,,,,,,,,,,,,,,,,,,,,,,,,,,,917,,,,,,,,,,,,,,,,,,,
783,,s40,s12,s43,s53,,s46,s56,,s50,s45,s58,,,,s63,,,,,,,,,s66,,s59,r28,s68,,s33,,,,,s60,,,s65,s67,,,,,,,52,61,32,62,,,29,34,,48,,,,918,30,35,36,37,38,39,41,42,44,54,55,47,,49,51,,57,,64,,,,,,,,,,,,,,919,,,,
784,,,,,r94,,,,,r94,,,,,,r94,,,,,,,,,r94,,r94,,r94,,,,,,,r94,,,r94,r94,,,,,,,160,154,921,153,,,,,,143,,,,,,,,142,,,147,,,,,144,,148,146,,149,,152,,,,,920,,,,,,,,,,,,,
785,,,,,,,,,,,,,,r63,r63,r63,r63,r63,r63,r63,r63,r63,r63,,,,,,,,,,,,r63,,,,,,,,,,,,,,,,,,,,,,,,,,,,,,,,,,,,,,,,,,,,,,,,,,,,,,,,,,,,,,
786,,,,,,,,,,,,,,r64,r64,r64,r64,r64,r64,r64,r64,r64,r64,s923,,,,,,,,,,,r64,,,,s922,,,,,,,,,,,,,,,,,,,,,,,,,,,,,,,,,,,,,,,,,,,,,,,,,,,,,,,,,,
787,,,,,,,,,,,,,,r65,r65,r65,r65,r65,r65,r65,r65,r65,r65,r65,,,,,s924,,,,,,r65,,,,r65,,,,,,,,,,,,,,,,,,,,,,,,,,,,,,,,,,,,,,,,,,,,,,,,,,,,,,,,,,
788,,,,,,,,,,,,,,,,s929,,,,,,,,,s925,,,,s930,,,,,,,s794,,,s792,s928,,,,,,,793,927,,926,,,,,,,,,,,,,,,,,,,,,,,,,,,,,,,,,,,,,,,,,,,,,,,
789,,,s931,,,,,,,,,,,,,s788,,,,,,,,,s791,,,,s790,,,,,,,s794,,,s792,s789,,,,,,,793,787,,932,,,,,,,,,,,,,,,,,,,,,,,,,,,,,,,,,,,,,,,,,,,,,,,
790,,,,,s223,,,,,s219,,,,,,s227,,,,,,,,,s230,,s222,,s229,r76,,,,,,s233,,,s231,s228,,,,,,,232,226,215,225,,,,,,212,,,,,,,,211,,,216,,,,,213,,218,220,,221,,224,933,,,217,,,,,,,,,,,,,,
791,,,,,s195,,,,,s189,,,,,,s183,,,,,,,,,s201,r126,s194,,s200,,,,,,,s204,,,s202,s199,,,,,,,203,198,934,197,,,,,,187,,,,,,,,186,,,191,,,,,188,,192,190,,193,,196,,935,,,,,,,,,,,,,,,,
792,,,,,,,,,,,,,,r71,r71,r71,r71,r71,r71,r71,r71,r71,r71,r71,,,,,r71,,,,,,r71,,,,r71,,,,,,,,,,,,,,,,,,,,,,,,,,,,,,,,,,,,,,,,,,,,,,,,,,,,,,,,,,
793,,,,,,,,,,,,,,r72,r72,r72,r72,r72,r72,r72,r72,r72,r72,r72,,,,,r72,,,,,,r72,,,,r72,,,,,,,,,,,,,,,,,,,,,,,,,,,,,,,,,,,,,,,,,,,,,,,,,,,,,,,,,,
794,,,,,,,,,,,,,,r7,r7,r7,r7,r7,r7,r7,r7,r7,r7,r7,s936,,,,r7,,,,,,r7,,,,r7,,,,,,,,,,,,,,,,,,,,,,,,,,,,,,,,,,,,,,,,,,,,,,,,,,,,,,,,,,
795,,,,,,,,,,,,,,,,,,s127,s128,s124,s126,s125,s121,,,,r105,,,,,,,,,,,,,,,,,,,,,,,,,,,,,,,,,,,,,,,,,,,,,,319,,,,,,,,,,,,,,,,,,937,,,,,,
796,,,,,,,,,,,,,,,,,,,,,,,,,s941,,,,s939,,,,,,,,s940,,,s942,,,,,938,,,,,,,,,,,,,,,,,,,,,,,,,,,,,,,,,,,,,,,,,,,,,,,,,,,,
797,,,,,s106,,,,,s100,,,,,,s110,,,,,,,,,s113,,s105,,s112,,,,,,,s116,,,s114,s111,,,,,,,115,109,943,108,,,,,,98,,,,,,,,97,,,102,,,,,99,,103,101,,104,,107,,,,,,,,,,,,,,,,,,
798,,,,,,,,,,,,,r49,,,,,,,,,,,,,,,,,,,,r49,,,,,,,,,,,,,,,,,,,,,,,,,,,,,,,,,,,,,,,,,,,,,,,,,,,,,,,,,,,,,,,,
799,,,,,,,,,,,,,,,,,,,,,,,,,,r92,,,,,,,,,,,,,,,,,,,,,,,,,,,,,,,,,,,,,,,,,,,,,,,,,,,,,,,,,,,,,,,,,,,,,,,
800,,,,,,,,,,,,,,,,,,r54,r54,r54,r54,r54,r54,,,,,,,r54,,,,,,,,,,,,,,,,,,,,,,,,,,,,,,,,,,,,,,,,,,,607,,,,,,,,,,,,,,,,,,,,,,,,
801,,,,,,,,,,,,,,r60,r60,s165,s166,r60,r60,r60,r60,r60,r60,,,,,,,r60,,,,,,,,,,,,,,,,,,,,,,,,,,,,,,,,,,,,,,,,,,,,,,,,610,,,,,,,,,,,,,,,,,,,
802,,,,,,,,,,,,,,,,,,r106,r106,r106,r106,r106,r106,,,,,,,r106,,,,,,,,,,,,,,,,,,,,,,,,,,,,,,,,,,,,,,,,,,,,,,,,,,,,,,,,,,,,,,,,,,,
803,,s40,s12,s43,s532,,s46,s56,,s50,s45,s58,,,,s536,,,,,,,,,s113,,s105,r28,s112,,s33,,,,,s533,,,s114,s111,,,,,,,531,534,528,535,,,29,34,,98,,,,611,527,35,36,529,38,39,530,42,44,54,55,99,,103,101,,104,,107,,,,,,,,,,,,,,,,,,
804,,,,,,,,,,,,,,r62,r62,r62,r62,r62,r62,r62,r62,r62,r62,,,,,,,r62,,,,,,,,,,,,,,,,,,,,,,,,,,,,,,,,,,,,,,,,,,,,,,,,,,,,,,,,,,,,,,,,,,,
805,,,,,,,,,,,,,,,,,,r26,r26,r26,r26,r26,r26,,,,,,,r26,,,,,,,,,,,,,,,,,,,,,,,,,,,,,,,,,,,,,,,,,,,,,,,,,,,,,,,,,,,,,,,,,,,
806,,,,,,,,,,,,,,,,,,r110,r110,r110,r110,r110,r110,,,,,,,r110,,,,,,,,,,,,,,,,,,,,,,,,,,,,,,,,,,,,,,,,,,,,,,,,,,,,,,,,,,,,,,,,,,,
807,,,,,,,,,,,,,,,,,,s127,s128,s124,s126,s125,s121,,,,r95,,,,,,,,,,,,,,,,,,,,,,,,,,,,,,,,,,,,,,,,,,,,,,319,,,,,,,,,,,,944,,,,,,,,,,,,
808,,,,,,s945,,,,,,,,,,,,,,,,,,,,,,,,,,,,,,,,,,,,,,,,,,,,,,,,,,,,,,,,,,,,,,,,,,,,,,,,,,,,,,,,,,,,,,,,,,,
809,,,,,,,,,,,,,,r10,r10,r10,r10,r10,r10,r10,r10,r10,r10,r10,,,,,r10,r10,,,,,,,,,r10,,,,,,,,,,,,,,,,,,,,,,,,,,,,,,,,,,,,,,,,,,,,,,,,,,,,,,,,,,
810,,,,,,,,,,,,,,,,,,s127,s128,s124,s126,s125,s121,,,,,,,s946,,,,,,,,,,,,,,,,,,,,,,,,,,,,,,,,,,,,,,,,,,,607,,,,,,,,,,,,,,,,,,,,,,,,
811,,,,,,,,,,,,,,,,,,,,,,,,,,s947,,,,,,,,,,,,,,,,,,,,,,,,,,,,,,,,,,,,,,,,,,,,,,,,,,,,,,,,,,,,,,,,,,,,,,,
812,,,,,,,,,,,,,,,,s622,,,,,,,,,s618,,,,s623,,,,,,,s392,,,s390,s621,,,,,,,391,620,,948,,,,,,,,,,,,,,,,,,,,,,,,,,,,,,,,,,,,,,,,,,,,,,,
813,,,,,,,,,,,,,,r68,r68,r68,r68,r68,r68,r68,r68,r68,r68,r68,,,,,r68,r68,,,,,,,,,r68,,,,,,,,,,,,,,,,,,,,,,,,,,,,,,,,,,,,,,,,,,,,,,,,,,,,,,,,,,
814,,,,,,,,,,,,,,r11,r11,r11,r11,r11,r11,r11,r11,r11,r11,r11,,,,,r11,r11,,,,,,,,,r11,,,,,,,,,,,,,,,,,,,,,,,,,,,,,,,,,,,,,,,,,,,,,,,,,,,,,,,,,,
815,,,,,,,,,,,,,,,,,,,,,,,,,,,,,,s949,,,,,,,,,,,,,,,,,,,,,,,,,,,,,,,,,,,,,,,,,,,,,,,,,,,,,,,,,,,,,,,,,,,
816,,,,,,,,,,,,,,r67,r67,r67,r67,r67,r67,r67,r67,r67,r67,r67,,,,,,r67,,,,,,,,,r67,,,,,,,,,,,,,,,,,,,,,,,,,,,,,,,,,,,,,,,,,,,,,,,,,,,,,,,,,,
817,,,,,,,,,,,,,,r69,r69,r69,r69,r69,r69,r69,r69,r69,r69,r69,,,,,,r69,,,,,,,,,r69,,,,,,,,,,,,,,,,,,,,,,,,,,,,,,,,,,,,,,,,,,,,,,,,,,,,,,,,,,
818,,,,,,,,,,,,,,r73,r73,r73,r73,r73,r73,r73,r73,r73,r73,r73,,,,,r73,r73,,,,,,,,,r73,,,,,,,,,,,,,,,,,,,,,,,,,,,,,,,,,,,,,,,,,,,,,,,,,,,,,,,,,,
819,,,,,,,,,,,,,,r70,r70,r70,r70,r70,r70,r70,r70,r70,r70,r70,,,,,,r70,,,,,,,,,r70,,,,,,,,,,,,,,,,,,,,,,,,,,,,,,,,,,,,,,,,,,,,,,,,,,,,,,,,,,
820,,,,,,,,,,,,,,,,,,,,,,,,,,s950,,,,,,,,,,,,,,,,,,,,,,,,,,,,,,,,,,,,,,,,,,,,,,,,,,,,,,,,,,,,,,,,,,,,,,,
821,,,,,,,,,,,,,r74,r74,r74,r74,r74,r74,r74,r74,r74,r74,r74,r74,,,,r74,r74,,r74,,,,,,,,r74,,,,,,,,,,,,,,,,,,,,,,,,,,,,,,,,,,,,,,,,,,,,,,,,,,,,,,,,,,
822,,,,,,,,,,,,,,r70,r70,r70,r70,r70,r70,r70,r70,r70,r70,r70,,r70,,,r70,,,r70,,,,,,,r70,,,,,,,,,,,,,,,,,,,,,,,,,,,,,,,,,,,,,,,,,,,,,,,,,,,,,,,,,,
823,,,,,,,,,,,,,,r67,r67,r67,r67,r67,r67,r67,r67,r67,r67,r67,,r67,,,r67,,,r67,,,,,,,r67,,,,,,,,,,,,,,,,,,,,,,,,,,,,,,,,,,,,,,,,,,,,,,,,,,,,,,,,,,
824,,,,,,,,,,,,,,r69,r69,r69,r69,r69,r69,r69,r69,r69,r69,r69,,r69,,,r69,,,r69,,,,,,,r69,,,,,,,,,,,,,,,,,,,,,,,,,,,,,,,,,,,,,,,,,,,,,,,,,,,,,,,,,,
825,,,,,s195,,,,,s189,,,,,,s183,,,,,,,,,s201,r128,s194,,s200,,,,,,,s204,,,s202,s199,,,,,,,203,198,641,197,,,,,,187,,,,,,,,186,,,191,,,,,188,,192,190,,193,,196,,,,,,,,,,,,,,,,,951,
826,,,,,,,,,,,,,,,,,,,,,,,,,,,s953,,,,,,,,,,,,,,,,,,,,,,,,,,,,,952,,,,,,,,,,,,,,,,,,,,,,,,,,,,,,,,,,,,,,,,,
827,,,,,,,,,,,,,,,,,,,,,,,,,,,s955,,,,,,,,,,,,,,,,,,,,,,,,,,,,,,,,,,,,,,,,,,,,,,,954,,,,,,,,,,,,,,,,,,,,,,,
828,,,,,,,,,,,,,,r8,r8,r8,r8,r8,r8,r8,r8,r8,r8,r8,,r8,,,r8,,,r8,,,,,,,r8,,,,,,,,,,,,,,,,,,,,,,,,,,,,,,,,,,,,,,,,,,,,,,,,,,,,,,,,,,
829,,,,,,,,,,,,,,r74,r74,r74,r74,r74,r74,r74,r74,r74,r74,r74,,r74,,,r74,,,r74,,,,,,,r74,,,,,,,,,,,,,,,,,,,,,,,,,,,,,,,,,,,,,,,,,,,,,,,,,,,,,,,,,,
830,,,,,,,,,,,,,,r8,r8,r8,r8,r8,r8,r8,r8,r8,r8,r8,,,,r8,r8,,r8,,,,,,,,r8,,,,,,,,,,,,,,,,,,,,,,,,,,,,,,,,,,,,,,,,,,,,,,,,,,,,,,,,,,
831,,,,,,,,,,,,,,r70,r70,r70,r70,r70,r70,r70,r70,r70,r70,r70,,,,r70,r70,,r70,,,,,,,,r70,,,,,,,,,,,,,,,,,,,,,,,,,,,,,,,,,,,,,,,,,,,,,,,,,,,,,,,,,,
832,,,,,,,,,,,,,,r67,r67,r67,r67,r67,r67,r67,r67,r67,r67,r67,,,,r67,r67,,r67,,,,,,,,r67,,,,,,,,,,,,,,,,,,,,,,,,,,,,,,,,,,,,,,,,,,,,,,,,,,,,,,,,,,
833,,,,,,,,,,,,,,r69,r69,r69,r69,r69,r69,r69,r69,r69,r69,r69,,,,r69,r69,,r69,,,,,,,,r69,,,,,,,,,,,,,,,,,,,,,,,,,,,,,,,,,,,,,,,,,,,,,,,,,,,,,,,,,,
834,,,,,,,,,,,,,,,,,,,,,,,,,,,s957,,,,,,,,,,,,,,,,,,,,,,,,,,,,,956,,,,,,,,,,,,,,,,,,,,,,,,,,,,,,,,,,,,,,,,,
835,,,,,,,,,,,,,,,,,,,,,,,,,,,s959,,,,,,,,,,,,,,,,,,,,,,,,,,,,,,,,,,,,,,,,,,,,,,,958,,,,,,,,,,,,,,,,,,,,,,,
836,,,,,,,,,,,,,,r8,r8,r8,r8,r8,r8,r8,r8,r8,r8,r8,,,,,r8,r8,,r8,,,,,,,r8,,,,,,,,,,,,,,,,,,,,,,,,,,,,,,,,,,,,,,,,,,,,,,,,,,,,,,,,,,
837,,,,,,,,,,,,,,r70,r70,r70,r70,r70,r70,r70,r70,r70,r70,r70,,,,,r70,r70,,r70,,,,,,,r70,,,,,,,,,,,,,,,,,,,,,,,,,,,,,,,,,,,,,,,,,,,,,,,,,,,,,,,,,,
838,,,,,,,,,,,,,,r67,r67,r67,r67,r67,r67,r67,r67,r67,r67,r67,,,,,r67,r67,,r67,,,,,,,r67,,,,,,,,,,,,,,,,,,,,,,,,,,,,,,,,,,,,,,,,,,,,,,,,,,,,,,,,,,
839,,,,,,,,,,,,,,r69,r69,r69,r69,r69,r69,r69,r69,r69,r69,r69,,,,,r69,r69,,r69,,,,,,,r69,,,,,,,,,,,,,,,,,,,,,,,,,,,,,,,,,,,,,,,,,,,,,,,,,,,,,,,,,,
840,,,,,,,,,,,,,,r74,r74,r74,r74,r74,r74,r74,r74,r74,r74,r74,,,,,r74,r74,,r74,,,,,,,r74,,,,,,,,,,,,,,,,,,,,,,,,,,,,,,,,,,,,,,,,,,,,,,,,,,,,,,,,,,
841,r96,r96,r96,,,r99,,,,,,,,,,,,r96,r96,r96,r96,r96,r96,,,,,,,,,,,,,r96,,,,,r96,,,,,,,,,,,,,,,,,,,,,,,,,,,,,,,,,,,,,,,,,,,,,960,961,,,,,,,,,,
842,,s40,s12,s43,s532,,s46,s56,,s50,s45,s58,,,,s536,,,,,,,,,s113,,s105,r28,s112,,s33,,,,,s533,,,s114,s111,,,,,,,531,534,528,535,,,29,34,,98,,,,962,527,35,36,529,38,39,530,42,44,54,55,99,,103,101,,104,,107,,,,,,,,,,,,,,,,,,
843,r120,r120,r120,,,,,,,,,,,,,,,r120,r120,r120,r120,r120,r120,,,,,,,,,,,,,r120,,,,,r120,,,,,,,,,,,,,,,,,,,,,,,,,,,,,,,,,,,,,,,,,,,,,,,,,,,,,,,,
844,,s546,s12,s556,s53,,s545,s563,,s50,s558,s559,,,,s63,,,,,,,,,s66,,s59,,s68,,s548,,,,,s60,,,s65,s67,,,,,,,561,61,543,62,,,550,551,,48,,,,,541,549,552,544,553,554,547,555,557,560,562,47,,49,51,,57,,64,,,,,,,,,,,,,,239,,,,
845,,,,,,,,,,,,,,,,,,,,,,,,,,,r115,,,,,,,,,,,,,,,,,,,,,,,,,,,,,,,,,,,,,,,,,,,,,,,,,,,,,,,,,,,,,,,,,,,,,,
846,,,,,,,,,,,,,,,,,,,,,,,,,s267,,,,s265,,,,,,,,s266,,,s268,,,,,963,,,,,,,,,,,,,,,,,,,,,,,,,,,,,,,,,,,,,,,,,,,,,,,,,,,,
847,,,,,,,,,,,,,,,,,,,,,,,,,,,r2,,,,,,,,,,,,,,,,,,,,,,,,,,,,,,,,,,,,,,,,,,,,,,,,,,,,,,,,,,,,,,,,,,,,,,
848,,,,,,,,,,,,,,,,,,,,,,,,,s273,r121,,,s269,,,,,,,,s270,,,s274,,,,,272,964,,,,,,,,,,,,,,,,,,,,,,,,,,,,,,,,,,,,,,,,,,,,,,,,,,,
849,,,s965,,,,,,,,,,,,,,,,,,,,,,s848,,,,s846,,,,,,,,s847,,,s849,,,,,966,,,,,,,,,,,,,,,,,,,,,,,,,,,,,,,,,,,,,,,,,,,,,,,,,,,,
850,,,,,,,,,,,,,,,,,,,,,,,,,,r119,,,,,,r119,,,,,,,,,,,,,,,,,,,,,,,,,,,,,,,,,,,,,,,,,,,,,,,,,,,,,,,,,,,,,,,,,
851,,,,,,,,,,,,,r3,,,,,,,,,,,,,,,,,,r3,,,,,,,,,,,,,,,,,,,,,,,,,,,,,,,,,,,,,,,,,,,,,,,,,,,,,,,,,,,,,,,,,,
852,,,,,,,,,,,,,,,,,,,,,,,,,,,,,,s967,,,,,,,,,,,,,,,,,,,,,,,,,,,,,,,,,,,,,,,,,,,,,,,,,,,,,,,,,,,,,,,,,,,
853,,,,,,,,,,,,,,,,,,,,,,,,,,,,,,s968,,,,,,,,,,,,,,,,,,,,,,,,,,,,,,,,,,,,,,,,,,,,,,,,,,,,,,,,,,,,,,,,,,,
854,,,,,,,,,,,,,,,,,,,,,,,,,s707,r123,,,s705,,,,,,,,s706,,,s708,,,,,704,,,,,,,,,,,,,,,,,,,,,,,,,,,,,,,,,,,,,,,,,,,,,,,,,,969,,
855,,,,,,,,,,,,,,,,,,,,,,,,,,,,,,,s970,,,,,,,,,,,,,,,,,,,,,,,,,,,,,,,,,,,,,,,,,,,,,,,,,,,,,,,,,,,,,,,,,,
856,,,,,,,,,,,,,,,,,,,,,,,,,,s971,,,,,,,,,,,,,,,,,,,,,,,,,,,,,,,,,,,,,,,,,,,,,,,,,,,,,,,,,,,,,,,,,,,,,,,
857,,,,,,,,,,,,,,,,,,,,,,,,,s707,,,,s705,,,,,,,,s706,,,s708,,,,,972,,,,,,,,,,,,,,,,,,,,,,,,,,,,,,,,,,,,,,,,,,,,,,,,,,,,
858,,,,,,,,,,,,,,,,,,,,,,,,,,r6,,,,,,r6,,,,,,,,,,,,,,,,,,,,,,,,,,,,,,,,,,,,,,,,,,,,,,,,,,,,,,,,,,,,,,,,,
859,,,,,,r99,,,,,,,,,,,,r96,r96,r96,r96,r96,r96,,,,,,,,r96,,,,,,,,,,,,,,,,,,,,,,,,,,,,,,,,,,,,,,,,,,,,,,,,,,,,,,,973,974,,,,,,,,,,
860,,s40,s12,s43,s532,,s46,s56,,s50,s45,s58,,,,s536,,,,,,,,,s113,,s105,r28,s112,,s33,,,,,s533,,,s114,s111,,,,,,,531,534,528,535,,,29,34,,98,,,,975,527,35,36,529,38,39,530,42,44,54,55,99,,103,101,,104,,107,,,,,,,,,,,,,,,,,,
861,,,,,,,,,,,,,,,,,,r120,r120,r120,r120,r120,r120,,,,,,,,r120,,,,,,,,,,,,,,,,,,,,,,,,,,,,,,,,,,,,,,,,,,,,,,,,,,,,,,,,,,,,,,,,,,
862,,s546,s12,s556,s53,,s545,s563,,s50,s558,s559,,,,s63,,,,,,,,,s66,,s59,,s68,,s548,,,,,s60,,,s65,s67,,,,,,,561,61,543,62,,,550,551,,48,,,,,541,549,552,544,553,554,547,555,557,560,562,47,,49,51,,57,,64,,,,,,,,,,,,,,283,,,,
863,,,,,,,,,,,,,,,,,,,,,,,,,,,s977,,,,,,,,,,,,,,,,,,,,,,,,,,,,,976,,,,,,,,,,,,,,,,,,,,,,,,,,,,,,,,,,,,,,,,,
864,,,,,,,,,,,,,,,,,,s127,s128,s124,s126,s125,s121,,,,,,,,s978,,,,,,,,,,,,,,,,,,,,,,,,,,,,,,,,,,,,,,,,,,278,,,,,,,,,,,,,,,,,,,,,,,,
865,,,,,,,,,,,,,,,,,,,,,,,,,,,,s979,,,,,,,,,,,,,,,,,,,,,,,,,,,,,,,,,,,,,,,,,,,,,,,,,,,,,,,,,,,,,,,,,,,,,
866,,,,,,,,,,,,,,,,,,s127,s128,s124,s126,s125,s121,,,,,,,s980,,,,,,,,,,,,,,,,,,,,,,,,,,,,,,,,,,,,,,,,,,,607,,,,,,,,,,,,,,,,,,,,,,,,
867,,,,,,,,,,,,,r10,r10,r10,r10,r10,r10,r10,r10,r10,r10,r10,r10,,,,,r10,,r10,,,,,,,,r10,,,,,,,,,,,,,,,,,,,,,,,,,,,,,,,,,,,,,,,,,,,,,,,,,,,,,,,,,,
868,,,,,,,,,,,,,,,,,,s127,s128,s124,s126,s125,s121,,,s981,,,,,,s409,,,,,,,,,,,,,,,,,,,,,,,,,,,,,,,,,,,,,,,,,410,,,,,,,,,,,,,,,,,,,,,,,,
869,,,,,,,,,,,,,,,,,,,,,,,,,,s982,,,,,,,,,,,,,,,,,,,,,,,,,,,,,,,,,,,,,,,,,,,,,,,,,,,,,,,,,,,,,,,,,,,,,,,
870,,,,,,,,,,,,,,,,s735,,,,,,,,,s730,,,,s736,,,,,,,s738,,,s732,s734,,,,,,,737,733,,983,,,,,,,,,,,,,,,,,,,,,,,,,,,,,,,,,,,,,,,,,,,,,,,
871,,,,,,,,,,,,,r68,r68,r68,r68,r68,r68,r68,r68,r68,r68,r68,r68,,,,,r68,,r68,,,,,,,,r68,,,,,,,,,,,,,,,,,,,,,,,,,,,,,,,,,,,,,,,,,,,,,,,,,,,,,,,,,,
872,,,,,,,,,,,,,r11,r11,r11,r11,r11,r11,r11,r11,r11,r11,r11,r11,,,,,r11,,r11,,,,,,,,r11,,,,,,,,,,,,,,,,,,,,,,,,,,,,,,,,,,,,,,,,,,,,,,,,,,,,,,,,,,
873,,,,,,,,,,,,,,,,,,,,,,,,,,,,,,s984,,,,,,,,,,,,,,,,,,,,,,,,,,,,,,,,,,,,,,,,,,,,,,,,,,,,,,,,,,,,,,,,,,,
874,,,,,s195,,,,,s189,,,,,,s183,,,,,,,,,s201,r90,s194,,s200,,,,,,,s204,,,s202,s199,,,,,,,203,198,371,197,,,,,,187,,,,,,,,186,,,191,,,,,188,,192,190,,193,,196,,,985,,,,,,,,,,,,,,,
875,,r93,r93,r93,r93,,r93,r93,,r93,r93,r93,,,,r93,,r93,r93,r93,r93,r93,r93,,r93,,r93,r93,r93,,r93,,,,,r93,,,r93,r93,,,,,,,,,,,,,,,,,,,,,,,,,,,,,,,,,,,,,,,,,,,,,,,,,,,,,,,,,
876,,,,,,s986,,,,,,,,,,,,,,,,,,,,,,,,,,,,,,,,,,,,,,,,,,,,,,,,,,,,,,,,,,,,,,,,,,,,,,,,,,,,,,,,,,,,,,,,,,,
877,,,,,,,,,,,,,,,,,,,,,,,,,,,,s987,,,,,,,,,,,,,,,,,,,,,,,,,,,,,,,,,,,,,,,,,,,,,,,,,,,,,,,,,,,,,,,,,,,,,
878,,,,,,,,,,,,,,,,,,s127,s128,s124,s126,s125,s121,,,,r102,,,,,,,,,,,,,,,,,,,,,,,,,,,,,,,,,,,,,,,,,,,,,,319,,,,,,,,,,,,,,,,988,,,,,,,,
879,,r47,r47,r47,r47,,r47,r47,,r47,r47,r47,,,,r47,,,,,,,,,r47,,r47,,r47,,r47,,,,,r47,,,r47,r47,,,,,,,,,,,,,,,,,,,,,,,,,,,,,,,,,,,,,,,,,,,,,,,,,,,,,,,,,
880,,,,,,,,,,,,,,,,,,,,,,,,,s94,,,,s92,,,,,,,,s93,,,s95,,,,,989,,,,,,,,,,,,,,,,,,,,,,,,,,,,,,,,,,,,,,,,,,,,,,,,,,,,
881,,,,,s106,,,,,s100,,,,,,s110,,,,,,,,,s113,,s105,,s112,,,,,,,s116,,,s114,s111,,,,,,,115,109,990,108,,,,,,98,,,,,,,,97,,,102,,,,,99,,103,101,,104,,107,,,,,,,,,,,,,,,,,,
882,,r52,r52,r52,r52,,r52,r52,,r52,r52,r52,,,,r52,,,,,,,,,r52,,r52,,r52,,r52,,,,,r52,,,r52,r52,,,,,,,,,,,,,,,,,,,,,,,,,,,,,,,,,,,,,,,,,,,,,,,,,,,,,,,,,
883,,r41,r41,r41,r41,,r41,r41,,r41,r41,r41,,,,r41,,,,,,,,,r41,,r41,,r41,,r41,,,,,r41,,,r41,r41,,,,,,,,,,,,,,,,,,,,,,,,,,,,,,,,,,,,,,,,,,,,,,,,,,,,,,,,,
884,,r45,r45,r45,r45,,r45,r45,,r45,r45,r45,,,,r45,,s127,s128,s124,s126,s125,s121,,r45,,r45,,r45,,r45,,,,,r45,,,r45,r45,,,,,,,,,,,,,,,,,,,,,,,,,,,,,,,,,991,,,,,,,,,,,,,,,,,,,,,,,,
885,,r56,r56,r56,r56,,r56,r56,,r56,r56,r56,,,,r56,,r56,r56,r56,r56,r56,r56,,r56,,r56,,r56,,r56,,,,,r56,,,r56,r56,,,,,,,,,,,,,,,,,,,,,,,,,,,,,,,,,,,,,,,,,,,,,,,,,,,,,,,,,
886,,r55,r55,r55,r55,,r55,r55,,r55,r55,r55,,,,r55,,r55,r55,r55,r55,r55,r55,,r55,,r55,,r55,,r55,,,,,r55,,,r55,r55,,,,,,,,,,,,,,,,,,,,,,,,,,,,,,,,,,,,,,,,,,,,,,,,,,,,,,,,,
887,,r53,r53,r53,r53,,r53,r53,,r53,r53,r53,,s136,s137,r53,,r53,r53,r53,r53,r53,r53,,r53,,r53,,r53,,r53,,,,,r53,,,r53,r53,,,,,,,,,,,,,,,,,,,,,,,,,,,,,,,,,,,,992,,,,,,,,,,,,,,,,,,,,,
888,,,,,,,,,,,,,,,,,,,,,,,,,,,r107,,,,,,,,,,,,,,,,,,,,,,,,,,,,,,,,,,,,,,,,,,,,,,,,,,,,,,,,,,,,,,,,,993,,,,,
889,,r59,r59,r59,r59,,r59,r59,,r59,r59,r59,,,,r59,,r59,r59,r59,r59,r59,r59,,r59,,r59,,r59,,r59,,,,,r59,,,r59,r59,,,,,,,,,,,,,,,,,,,,,,,,,,,,,,,,,,,,,,,,,,,,,,,,,,,,,,,,,
890,,r57,r57,r57,r57,,r57,r57,,r57,r57,r57,,,,r57,,r57,r57,r57,r57,r57,r57,,r57,,r57,,r57,,r57,,,,,r57,,,r57,r57,,,,,,,,,,,,,,,,,,,,,,,,,,,,,,,,,,,,,,,,,,,,,,,,,,,,,,,,,
891,,r58,r58,r58,r58,,r58,r58,,r58,r58,r58,,,,r58,,r58,r58,r58,r58,r58,r58,,r58,,r58,,r58,,r58,,,,,r58,,,r58,r58,,,,,,,,,,,,,,,,,,,,,,,,,,,,,,,,,,,,,,,,,,,,,,,,,,,,,,,,,
892,,r61,r61,r61,r61,,r61,r61,,r61,r61,r61,,r61,r61,r61,s166,r61,r61,r61,r61,r61,r61,,r61,,r61,,r61,,r61,,,,,r61,,,r61,r61,,,,,,,,,,,,,,,,,,,,,,,,,,,,,,,,,,,,,,994,,,,,,,,,,,,,,,,,,,
893,,s40,s12,s43,s53,,s46,s56,,s50,s45,s58,,,,s63,,,,,,,,,s66,,s59,r28,s68,,s33,,,,,s60,,,s65,s67,,,,,,,52,61,32,62,,,29,34,,48,,,,995,30,35,36,37,38,39,41,42,44,54,55,47,,49,51,,57,,64,,,,,,,,,,,,,,996,,,,
894,,,,,r94,,,,,r94,,,,,,r94,,,,,,,,,r94,,r94,,r94,,,,,,,r94,,,r94,r94,,,,,,,160,154,998,153,,,,,,143,,,,,,,,142,,,147,,,,,144,,148,146,,149,,152,,,,,997,,,,,,,,,,,,,
895,,r63,r63,r63,r63,,r63,r63,,r63,r63,r63,,r63,r63,r63,r63,r63,r63,r63,r63,r63,r63,,r63,,r63,,r63,,r63,,,,,r63,,,r63,r63,,,,,,,,,,,,,,,,,,,,,,,,,,,,,,,,,,,,,,,,,,,,,,,,,,,,,,,,,
896,,r64,r64,r64,r64,,r64,r64,,r64,r64,r64,,r64,r64,r64,r64,r64,r64,r64,r64,r64,r64,s1000,r64,,r64,,r64,,r64,,,,,r64,,,r64,r64,,,,,,,,,,,,,,,,,,,,,,,,,,,,,,,,,,,,,,,,,,,,,,,,,,,,,,,,,
897,,r65,r65,r65,r65,,r65,r65,,r65,r65,r65,,r65,r65,r65,r65,r65,r65,r65,r65,r65,r65,r65,r65,,r65,,r65,,r65,,,,,r65,,,r65,r65,,,,,,,,,,,,,,,,,,,,,,,,,,,,,,,,,,,,,,,,,,,,,,,,,,,,,,,,,
898,,,,,,,,,,,,,,,,s898,,,,,,,,,s901,,,,s900,,,,,,,s904,,,s902,s899,,,,,,,903,897,,1002,,,,,,,,,,,,,,,,,,,,,,,,,,,,,,,,,,,,,,,,,,,,,,,
899,,,s1003,,,,,,,,,,,,,s898,,,,,,,,,s901,,,,s900,,,,,,,s904,,,s902,s899,,,,,,,903,897,,1004,,,,,,,,,,,,,,,,,,,,,,,,,,,,,,,,,,,,,,,,,,,,,,,
900,,,,,s223,,,,,s219,,,,,,s227,,,,,,,,,s230,,s222,,s229,r76,,,,,,s233,,,s231,s228,,,,,,,232,226,215,225,,,,,,212,,,,,,,,211,,,216,,,,,213,,218,220,,221,,224,1005,,,217,,,,,,,,,,,,,,
901,,,,,s195,,,,,s189,,,,,,s183,,,,,,,,,s201,r126,s194,,s200,,,,,,,s204,,,s202,s199,,,,,,,203,198,1006,197,,,,,,187,,,,,,,,186,,,191,,,,,188,,192,190,,193,,196,,1007,,,,,,,,,,,,,,,,
902,,r71,r71,r71,r71,,r71,r71,,r71,r71,r71,,r71,r71,r71,r71,r71,r71,r71,r71,r71,r71,r71,r71,,r71,,r71,,r71,,,,,r71,,,r71,r71,,,,,,,,,,,,,,,,,,,,,,,,,,,,,,,,,,,,,,,,,,,,,,,,,,,,,,,,,
903,,r72,r72,r72,r72,,r72,r72,,r72,r72,r72,,r72,r72,r72,r72,r72,r72,r72,r72,r72,r72,r72,r72,,r72,,r72,,r72,,,,,r72,,,r72,r72,,,,,,,,,,,,,,,,,,,,,,,,,,,,,,,,,,,,,,,,,,,,,,,,,,,,,,,,,
904,,r7,r7,r7,r7,,r7,r7,,r7,r7,r7,,r7,r7,r7,r7,r7,r7,r7,r7,r7,r7,r7,r7,,r7,,r7,,r7,,,,,r7,,,r7,r7,,,,,,,,,,,,,,,,,,,,,,,,,,,,,,,,,,,,,,,,,,,,,,,,,,,,,,,,,
905,,,,,,,,,,,,,,,,,,s127,s128,s124,s126,s125,s121,,,,,,,,s1009,,,,,,,,,,,,,,,,,,,,,,,,,,,,,,,,,,,,,,,,,,278,,,,,,,,,,,,,,,,,,,,,,,,
906,,,,,,,,,,,,,,,,,,,,,,,,,,,,,,,,,,,s1010,,,,,,,,,,,,,,,,,,,,,,,,,,,,,,,,,,,,,,,,,,,,,,,,,,,,,,,,,,,,,,
907,,,,,,r99,,,,,,,,,,,,r96,r96,r96,r96,r96,r96,,,,r96,,,,,,,,,,,,,,,,,,,,,,,,,,,,,,,,,,,,,,,,,,,,,,,,,,,,,,,,,,,1011,1012,,,,,,,,,,
908,,s40,s12,s43,s532,,s46,s56,,s50,s45,s58,,,,s536,,,,,,,,,s113,,s105,r28,s112,,s33,,,,,s533,,,s114,s111,,,,,,,531,534,528,535,,,29,34,,98,,,,1013,527,35,36,529,38,39,530,42,44,54,55,99,,103,101,,104,,107,,,,,,,,,,,,,,,,,,
909,,,,,,,,,,,,,,,,,,r120,r120,r120,r120,r120,r120,,,,r120,,,,,,,,,,,,,,,,,,,,,,,,,,,,,,,,,,,,,,,,,,,,,,,,,,,,,,,,,,,,,,,,,,,,,,
910,,s546,s12,s556,s53,,s545,s563,,s50,s558,s559,,,,s63,,,,,,,,,s66,,s59,,s68,,s548,,,,,s60,,,s65,s67,,,,,,,561,61,543,62,,,550,551,,48,,,,,541,549,552,544,553,554,547,555,557,560,562,47,,49,51,,57,,64,,,,,,,,,,,,,,325,,,,
911,,,,,,,,,,,,,,,,,,,,,,,,,,,s1015,,,,,,,,,,,,,,,,,,,,,,,,,,,,,,,,,,,,,,,,,,,,,,,1014,,,,,,,,,,,,,,,,,,,,,,,
912,,r8,r8,r8,r8,,r8,r8,,r8,r8,r8,,r8,r8,r8,r8,r8,r8,r8,r8,r8,r8,r8,r8,,r8,r8,r8,,r8,,,,,r8,,,r8,r8,,,,,,,,,,,,,,,,,,,,,,,,,,,,,,,,,,,,,,,,,,,,,,,,,,,,,,,,,
913,,r74,r74,r74,r74,,r74,r74,,r74,r74,r74,,r74,r74,r74,r74,r74,r74,r74,r74,r74,r74,r74,r74,,r74,r74,r74,,r74,,,,,r74,,,r74,r74,,,,,,,,,,,,,,,,,,,,,,,,,,,,,,,,,,,,,,,,,,,,,,,,,,,,,,,,,
914,,,,,s784,,,,,s778,,,,,,s788,,,,,,,,,s791,,s783,,s790,,,,,,,s794,,,s792,s789,,,,,,,793,787,1016,786,,,,,,776,,,,,,,,775,,,780,,,,,777,,781,779,,782,,785,,,,,,,,,,,,,,,,,,
915,,,,,,,,,,,,,,,,s788,,,,,,,,,s791,,,,s790,,,,,,,s794,,,s792,s789,,,,,,,793,787,,786,,,,,,,,,,,,,,,,,,,,,,,,,,,1017,,785,,,,,,,,,,,,,,,,,,
916,,,,,,,,,,,,,,,,,,,,,,,,,,,s1019,,,,,,,,,,,,,,,,,,,,,,,,,,,,,1018,,,,,,,,,,,,,,,,,,,,,,,,,,,,,,,,,,,,,,,,,
917,,,,,,,,,,,,,,,,s788,,,,,,,,,s791,,,,s790,,,,,,,s794,,,s792,s789,,,,,,,793,787,,786,,,,,,,,,,,,,,,,,,,,,,,,,,,,,1020,,,,,,,,,,,,,,,,,,
918,,,,,,,,,,,,,,,,,,,,,,,,,,,,s1021,,,,,,,,,,,,,,,,,,,,,,,,,,,,,,,,,,,,,,,,,,,,,,,,,,,,,,,,,,,,,,,,,,,,,
919,,,,,,,,,,,,,,,,,,,,,,,,,,,,s1022,,,,,,,,,,,,,,,,,,,,,,,,,,,,,,,,,,,,,,,,,,,,,,,,,,,,,,,,,,,,,,,,,,,,,
920,,,,,s151,,,,,s145,,,,,,s155,,,,,,,,,s158,,s150,,s157,,,,,,,s161,,,s159,s156,,,,,,,160,154,1023,153,,,,,,143,,,,,,,,142,,,147,,,,,144,,148,146,,149,,152,,,,,,,,,,,,,,,,,,
921,,,,,,,,,,,,,,,,,,s127,s128,s124,s126,s125,s121,,,,s320,,,,,,,,,,,,,,,,,,,,,,,,,,,,,,,,,,,,,,,,,,,,,,319,1024,,,,,,,,,,,,,,,,,,,,,,,
922,,,,,,,,,,,,,,r9,r9,r9,r9,r9,r9,r9,r9,r9,r9,r9,,,,,r9,,,,,,r9,,,,r9,,,,,,,,,,,,,,,,,,,,,,,,,,,,,,,,,,,,,,,,,,,,,,,,,,,,,,,,,,
923,,,,,,,,,,,,,,,,,,,,,,,,,,,,,,,,,,,,,,,s1025,,,,,,,,,,,,,,,,,,,,,,,,,,,,,,,,,,,,,,,,,,,,,,,,,,,,,,,,,,
924,,,,,s382,,,,,s376,,,,,,s386,,,,,,,,,s389,,s381,,s388,,,,,,,s392,,,s390,s387,,,,,,,391,385,1026,384,,,,,,374,,,,,,,,373,,,378,,,,,375,,379,377,,380,,383,,,,,,,,,,,,,,,,,,
925,,,,,s195,,,,,s189,,,,,,s183,,,,,,,,,s201,r126,s194,,s200,,,,,,,s204,,,s202,s199,,,,,,,203,198,934,197,,,,,,187,,,,,,,,186,,,191,,,,,188,,192,190,,193,,196,,1027,,,,,,,,,,,,,,,,
926,,,,,,,,,,,,,,r11,r11,r11,r11,r11,r11,r11,r11,r11,r11,r11,,,,,r11,,,,,,r11,,,,r11,,,,,,,,,,,,,,,,,,,,,,,,,,,,,,,,,,,,,,,,,,,,,,,,,,,,,,,,,,
927,,,,,,,,,,,,,,r65,r65,r65,r65,r65,r65,r65,r65,r65,r65,r65,,,,,r65,,,,,,r65,,,,r65,,,,,,,,,,,,,,,,,,,,,,,,,,,,,,,,,,,,,,,,,,,,,,,,,,,,,,,,,,
928,,,s1028,,,,,,,,,,,,,s929,,,,,,,,,s925,,,,s930,,,,,,,s794,,,s792,s928,,,,,,,793,927,,1029,,,,,,,,,,,,,,,,,,,,,,,,,,,,,,,,,,,,,,,,,,,,,,,
929,,,,,,,,,,,,,,,,s929,,,,,,,,,s925,,,,s930,,,,,,,s794,,,s792,s928,,,,,,,793,927,,1030,,,,,,,,,,,,,,,,,,,,,,,,,,,,,,,,,,,,,,,,,,,,,,,
930,,,,,s223,,,,,s219,,,,,,s227,,,,,,,,,s230,,s222,,s229,r76,,,,,,s233,,,s231,s228,,,,,,,232,226,215,225,,,,,,212,,,,,,,,211,,,216,,,,,213,,218,220,,221,,224,1031,,,217,,,,,,,,,,,,,,
931,,,,,,,,,,,,,,,,s788,,,,,,,,,s791,,,,s790,,,,,,,s794,,,s792,s789,,,,,,,793,787,,1032,,,,,,,,,,,,,,,,,,,,,,,,,,,,,,,,,,,,,,,,,,,,,,,
932,,,,,,,,,,,,,,r68,r68,r68,r68,r68,r68,r68,r68,r68,r68,r68,,,,,,,,,,,r68,,,,r68,,,,,,,,,,,,,,,,,,,,,,,,,,,,,,,,,,,,,,,,,,,,,,,,,,,,,,,,,,
933,,,,,,,,,,,,,,,,,,,,,,,,,,,,,,s1033,,,,,,,,,,,,,,,,,,,,,,,,,,,,,,,,,,,,,,,,,,,,,,,,,,,,,,,,,,,,,,,,,,,
934,,,,,,,,,,,,,,,,,,s127,s128,s124,s126,s125,s121,,,s1034,,,,,,s409,,,,,,,,,,,,,,,,,,,,,,,,,,,,,,,,,,,,,,,,,410,,,,,,,,,,,,,,,,,,,,,,,,
935,,,,,,,,,,,,,,,,,,,,,,,,,,s1035,,,,,,,,,,,,,,,,,,,,,,,,,,,,,,,,,,,,,,,,,,,,,,,,,,,,,,,,,,,,,,,,,,,,,,,
936,,,,,s195,,,,,s189,,,,,,s183,,,,,,,,,s201,r90,s194,,s200,,,,,,,s204,,,s202,s199,,,,,,,203,198,371,197,,,,,,187,,,,,,,,186,,,191,,,,,188,,192,190,,193,,196,,,1036,,,,,,,,,,,,,,,
937,,,,,,,,,,,,,,,,,,,,,,,,,,,s725,,,,,,,,,,,,,,,,,,,,,,,,,,,,,1037,,,,,,,,,,,,,,,,,,,,,,,,,,,,,,,,,,,,,,,,,
938,,,,,,,,,,,,,s1038,,,,,,,,,,,,,,,,,,,,,,,,,,,,,,,,,,,,,,,,,,,,,,,,,,,,,,,,,,,,,,,,,,,,,,,,,,,,,,,,,,,,
939,,,,,,,,,,,,,,,,,,,,,,,,,s267,,,,s265,,,,,,,,s266,,,s268,,,,,1039,,,,,,,,,,,,,,,,,,,,,,,,,,,,,,,,,,,,,,,,,,,,,,,,,,,,
940,,,,,,,,,,,,,r2,,,,,,,,,,,,,,,,,,,,,,,,,,,,,,,,,,,,,,,,,,,,,,,,,,,,,,,,,,,,,,,,,,,,,,,,,,,,,,,,,,,,
941,,,,,,,,,,,,,,,,,,,,,,,,,s273,r121,,,s269,,,,,,,,s270,,,s274,,,,,272,1040,,,,,,,,,,,,,,,,,,,,,,,,,,,,,,,,,,,,,,,,,,,,,,,,,,,
942,,,s1041,,,,,,,,,,,,,,,,,,,,,,s941,,,,s939,,,,,,,,s940,,,s942,,,,,1042,,,,,,,,,,,,,,,,,,,,,,,,,,,,,,,,,,,,,,,,,,,,,,,,,,,,
943,,,,,,,,,,,,,,,,,,s127,s128,s124,s126,s125,s121,,,,,,,,s1043,,,,,,,,,,,,,,,,,,,,,,,,,,,,,,,,,,,,,,,,,,278,,,,,,,,,,,,,,,,,,,,,,,,
944,,,,,,,,,,,,,,,,,,,,,,,,,,,s1045,,,,,,,,,,,,,,,,,,,,,,,,,,,,,1044,,,,,,,,,,,,,,,,,,,,,,,,,,,,,,,,,,,,,,,,,
945,,,,,,,,,,,,,,,,,,,,,,,,,,,s1047,,,,,,,,,,,,,,,,,,,,,,,,,,,,,,,,,,,,,,,,,,,,,,,1046,,,,,,,,,,,,,,,,,,,,,,,
946,,,,,,,,,,,,,,r8,r8,r8,r8,r8,r8,r8,r8,r8,r8,r8,,,,,r8,r8,,,,,,,,,r8,,,,,,,,,,,,,,,,,,,,,,,,,,,,,,,,,,,,,,,,,,,,,,,,,,,,,,,,,,
947,,,,,,,,,,,,,,r70,r70,r70,r70,r70,r70,r70,r70,r70,r70,r70,,,,,r70,r70,,,,,,,,,r70,,,,,,,,,,,,,,,,,,,,,,,,,,,,,,,,,,,,,,,,,,,,,,,,,,,,,,,,,,
948,,,,,,,,,,,,,,r67,r67,r67,r67,r67,r67,r67,r67,r67,r67,r67,,,,,r67,r67,,,,,,,,,r67,,,,,,,,,,,,,,,,,,,,,,,,,,,,,,,,,,,,,,,,,,,,,,,,,,,,,,,,,,
949,,,,,,,,,,,,,,r69,r69,r69,r69,r69,r69,r69,r69,r69,r69,r69,,,,,r69,r69,,,,,,,,,r69,,,,,,,,,,,,,,,,,,,,,,,,,,,,,,,,,,,,,,,,,,,,,,,,,,,,,,,,,,
950,,,,,,,,,,,,,,r74,r74,r74,r74,r74,r74,r74,r74,r74,r74,r74,,,,,r74,r74,,,,,,,,,r74,,,,,,,,,,,,,,,,,,,,,,,,,,,,,,,,,,,,,,,,,,,,,,,,,,,,,,,,,,
951,,,,,,,,,,,,,,,,,,,,,,,,,,r130,,,,,,,,,,,,,,,,,,,,,,,,,,,,,,,,,,,,,,,,,,,,,,,,,,,,,,,,,,,,,,,,,,,,,,,
952,,,,,,r99,,,,,,,,,,,,r96,r96,r96,r96,r96,r96,,,r96,,,,,,r96,,,,,,,,,,,,,,,,,,,,,,,,,,,,,,,,,,,,,,,,,,,,,,,,,,,,,,1048,1049,,,,,,,,,,
953,,s40,s12,s43,s532,,s46,s56,,s50,s45,s58,,,,s536,,,,,,,,,s113,,s105,r28,s112,,s33,,,,,s533,,,s114,s111,,,,,,,531,534,528,535,,,29,34,,98,,,,1050,527,35,36,529,38,39,530,42,44,54,55,99,,103,101,,104,,107,,,,,,,,,,,,,,,,,,
954,,,,,,,,,,,,,,,,,,r120,r120,r120,r120,r120,r120,,,r120,,,,,,r120,,,,,,,,,,,,,,,,,,,,,,,,,,,,,,,,,,,,,,,,,,,,,,,,,,,,,,,,,,,,,,,,,
955,,s546,s12,s556,s53,,s545,s563,,s50,s558,s559,,,,s63,,,,,,,,,s66,,s59,,s68,,s548,,,,,s60,,,s65,s67,,,,,,,561,61,543,62,,,550,551,,48,,,,,541,549,552,544,553,554,547,555,557,560,562,47,,49,51,,57,,64,,,,,,,,,,,,,,415,,,,
956,,,,,,r99,,,,,,,,,,,,r96,r96,r96,r96,r96,r96,,,,,,,r96,,r96,,,,,,,,,,,,,,,,,,,,,,,,,,,,,,,,,,,,,,,,,,,,,,,,,,,,,,1051,1052,,,,,,,,,,
957,,s40,s12,s43,s532,,s46,s56,,s50,s45,s58,,,,s536,,,,,,,,,s113,,s105,r28,s112,,s33,,,,,s533,,,s114,s111,,,,,,,531,534,528,535,,,29,34,,98,,,,1053,527,35,36,529,38,39,530,42,44,54,55,99,,103,101,,104,,107,,,,,,,,,,,,,,,,,,
958,,,,,,,,,,,,,,,,,,r120,r120,r120,r120,r120,r120,,,,,,,r120,,r120,,,,,,,,,,,,,,,,,,,,,,,,,,,,,,,,,,,,,,,,,,,,,,,,,,,,,,,,,,,,,,,,,
959,,s546,s12,s556,s53,,s545,s563,,s50,s558,s559,,,,s63,,,,,,,,,s66,,s59,,s68,,s548,,,,,s60,,,s65,s67,,,,,,,561,61,543,62,,,550,551,,48,,,,,541,549,552,544,553,554,547,555,557,560,562,47,,49,51,,57,,64,,,,,,,,,,,,,,444,,,,
960,r93,r93,r93,,,,,,,,,,,,,,,r93,r93,r93,r93,r93,r93,,,,,,,,,,,,,r93,,,,,r93,,,,,,,,,,,,,,,,,,,,,,,,,,,,,,,,,,,,,,,,,,,,,,,,,,,,,,,,
961,,,,,,s1054,,,,,,,,,,,,,,,,,,,,,,,,,,,,,,,,,,,,,,,,,,,,,,,,,,,,,,,,,,,,,,,,,,,,,,,,,,,,,,,,,,,,,,,,,,,
962,,,,,,,,,,,,,,,,,,,,,,,,,,,,s1055,,,,,,,,,,,,,,,,,,,,,,,,,,,,,,,,,,,,,,,,,,,,,,,,,,,,,,,,,,,,,,,,,,,,,
963,,,,,,,,,,,,,,,,,,,,,,,,,,,,,,,s1056,,,,,,,,,,,,,,,,,,,,,,,,,,,,,,,,,,,,,,,,,,,,,,,,,,,,,,,,,,,,,,,,,,
964,,,,,,,,,,,,,,,,,,,,,,,,,,s1057,,,,,,,,,,,,,,,,,,,,,,,,,,,,,,,,,,,,,,,,,,,,,,,,,,,,,,,,,,,,,,,,,,,,,,,
965,,,,,,,,,,,,,,,,,,,,,,,,,s848,,,,s846,,,,,,,,s847,,,s849,,,,,1058,,,,,,,,,,,,,,,,,,,,,,,,,,,,,,,,,,,,,,,,,,,,,,,,,,,,
966,,,,,,,,,,,,,,,,,,,,,,,,,,,r6,,,,,,,,,,,,,,,,,,,,,,,,,,,,,,,,,,,,,,,,,,,,,,,,,,,,,,,,,,,,,,,,,,,,,,
967,,,,,,,,,,,,,,,,,,,,,,,,,,,,,,,r3,,,,,,,,,,,,,,,,,,,,,,,,,,,,,,,,,,,,,,,,,,,,,,,,,,,,,,,,,,,,,,,,,,
968,,,,,,,,,,,,,,,,,,,,,,,,,,,,,,,,r3,,,,,,,,,,,,,,,,,,,,,,,,,,,,,,,,,,,,,,,,,,,,,,,,,,,,,,,,,,,,,,,,,
969,,,,,,,,,,,,,,,,,,,,,,,,,,r125,,,,,,,,,,,,,,,,,,,,,,,,,,,,,,,,,,,,,,,,,,,,,,,,,,,,,,,,,,,,,,,,,,,,,,,
970,,,,,,,,,,,,,,,,,,,,,,,,,,,,,,,,,,,,,,,s1059,,,,,,,,,,,,,,,,,,,,,,,,,,,,,,,,,,,,,,,,,,,,,,,,,,,,,,,,,,
971,,,,,,,,,,,,,,,,,,,,,,,,,,r4,,,,,,r4,,,,,,,,,,,,,,,,,,,,,,,,,,,,,,,,,,,,,,,,,,,,,,,,,,,,,,,,,,,,,,,,,
972,,,,,,,,,,,,,,,,,,,,,,,,,,r5,,,,,,r5,,,,,,,,,,,,,,,,,,,,,,,,,,,,,,,,,,,,,,,,,,,,,,,,,,,,,,,,,,,,,,,,,
973,,,,,,,,,,,,,,,,,,r93,r93,r93,r93,r93,r93,,,,,,,,r93,,,,,,,,,,,,,,,,,,,,,,,,,,,,,,,,,,,,,,,,,,,,,,,,,,,,,,,,,,,,,,,,,,
974,,,,,,s1060,,,,,,,,,,,,,,,,,,,,,,,,,,,,,,,,,,,,,,,,,,,,,,,,,,,,,,,,,,,,,,,,,,,,,,,,,,,,,,,,,,,,,,,,,,,
975,,,,,,,,,,,,,,,,,,,,,,,,,,,,s1061,,,,,,,,,,,,,,,,,,,,,,,,,,,,,,,,,,,,,,,,,,,,,,,,,,,,,,,,,,,,,,,,,,,,,
976,,,,,,r99,,,,,,,,,,,,r96,r96,r96,r96,r96,r96,,,,,r96,,,r96,,,,,,,,,,,,,,,,,,,,,,,,,,,,,,,,,,,,,,,,,,,,,,,,,,,,,,,1062,1063,,,,,,,,,,
977,,s40,s12,s43,s532,,s46,s56,,s50,s45,s58,,,,s536,,,,,,,,,s113,,s105,r28,s112,,s33,,,,,s533,,,s114,s111,,,,,,,531,534,528,535,,,29,34,,98,,,,1064,527,35,36,529,38,39,530,42,44,54,55,99,,103,101,,104,,107,,,,,,,,,,,,,,,,,,
978,,r43,r43,r43,r43,,r43,r43,,r43,r43,r43,,,,r43,,,,,,,,,r43,,r43,r43,r43,,r43,,,,,r43,,,r43,r43,,,,,,,,,,,,,,,,,,,,,,,,,,,,,,,,,,,,,,,,,,,,,,,,,,,,,,,,,
979,,r26,r26,r26,r26,,r26,r26,,r26,r26,r26,,,,r26,,,,,,,,,r26,,r26,r26,r26,,r26,,,,,r26,,,r26,r26,,,,,,,,,,,,,,,,,,,,,,,,,,,,,,,,,,,,,,,,,,,,,,,,,,,,,,,,,
980,,,,,,,,,,,,,r8,r8,r8,r8,r8,r8,r8,r8,r8,r8,r8,r8,,,,,r8,,r8,,,,,,,,r8,,,,,,,,,,,,,,,,,,,,,,,,,,,,,,,,,,,,,,,,,,,,,,,,,,,,,,,,,,
981,,,,,,,,,,,,,r73,r73,r73,r73,r73,r73,r73,r73,r73,r73,r73,r73,,,,,r73,,r73,,,,,,,,r73,,,,,,,,,,,,,,,,,,,,,,,,,,,,,,,,,,,,,,,,,,,,,,,,,,,,,,,,,,
982,,,,,,,,,,,,,r70,r70,r70,r70,r70,r70,r70,r70,r70,r70,r70,r70,,,,,r70,,r70,,,,,,,,r70,,,,,,,,,,,,,,,,,,,,,,,,,,,,,,,,,,,,,,,,,,,,,,,,,,,,,,,,,,
983,,,,,,,,,,,,,r67,r67,r67,r67,r67,r67,r67,r67,r67,r67,r67,r67,,,,,r67,,r67,,,,,,,,r67,,,,,,,,,,,,,,,,,,,,,,,,,,,,,,,,,,,,,,,,,,,,,,,,,,,,,,,,,,
984,,,,,,,,,,,,,r69,r69,r69,r69,r69,r69,r69,r69,r69,r69,r69,r69,,,,,r69,,r69,,,,,,,,r69,,,,,,,,,,,,,,,,,,,,,,,,,,,,,,,,,,,,,,,,,,,,,,,,,,,,,,,,,,
985,,,,,,,,,,,,,,,,,,,,,,,,,,s1065,,,,,,,,,,,,,,,,,,,,,,,,,,,,,,,,,,,,,,,,,,,,,,,,,,,,,,,,,,,,,,,,,,,,,,,
986,,,,,s1067,,,,,,,,,,,,,,,,,,,,,,s315,,,,,,,,,,,,,,,,,,,,,,,,,,,,,1066,,,,,,,,,,,,,,,,,,,,,,,,,,,,,,,,,,,,,,,,,
987,,r26,r26,r26,r26,r26,r26,r26,,r26,r26,r26,,,,r26,,r26,r26,r26,r26,r26,r26,,r26,,r26,r26,r26,,r26,,,,,r26,,,r26,r26,,,,,,,,,,,,,,,,,,,,,,,,,,,,,,,,,,,,,,,,,,,,,,,,,,,,,,,,,
988,,,,,,,,,,,,,,,,,,,,,,,,,,,s1069,,,,,,,,,,,,,,,,,,,,,,,,,,,,,1068,,,,,,,,,,,,,,,,,,,,,,,,,,,,,,,,,,,,,,,,,
989,,,,,,,,,,,,,s1071,,,,,,,,,,,,,,,,,,s1070,,,,,,,,,,,,,,,,,,,,,,,,,,,,,,,,,,,,,,,,,,,,,,,,,,,,,,,,,,,,,,,,,,
990,,,,,,,,,,,,,,,,,,s127,s128,s124,s126,s125,s121,,,,,,,,s1072,,,,,,,,,,,,,,,,,,,,,,,,,,,,,,,,,,,,,,,,,,278,,,,,,,,,,,,,,,,,,,,,,,,
991,,,,,s894,,,,,s888,,,,,,s898,,,,,,,,,s901,,s893,,s900,,,,,,,s904,,,s902,s899,,,,,,,903,897,1073,896,,,,,,886,,,,,,,,885,,,890,,,,,887,,891,889,,892,,895,,,,,,,,,,,,,,,,,,
992,,,,,,,,,,,,,,,,s898,,,,,,,,,s901,,,,s900,,,,,,,s904,,,s902,s899,,,,,,,903,897,,896,,,,,,,,,,,,,,,,,,,,,,,,,,,1074,,895,,,,,,,,,,,,,,,,,,
993,,,,,,,,,,,,,,,,,,,,,,,,,,,s1076,,,,,,,,,,,,,,,,,,,,,,,,,,,,,1075,,,,,,,,,,,,,,,,,,,,,,,,,,,,,,,,,,,,,,,,,
994,,,,,,,,,,,,,,,,s898,,,,,,,,,s901,,,,s900,,,,,,,s904,,,s902,s899,,,,,,,903,897,,896,,,,,,,,,,,,,,,,,,,,,,,,,,,,,1077,,,,,,,,,,,,,,,,,,
995,,,,,,,,,,,,,,,,,,,,,,,,,,,,s1078,,,,,,,,,,,,,,,,,,,,,,,,,,,,,,,,,,,,,,,,,,,,,,,,,,,,,,,,,,,,,,,,,,,,,
996,,,,,,,,,,,,,,,,,,,,,,,,,,,,s1079,,,,,,,,,,,,,,,,,,,,,,,,,,,,,,,,,,,,,,,,,,,,,,,,,,,,,,,,,,,,,,,,,,,,,
997,,,,,s151,,,,,s145,,,,,,s155,,,,,,,,,s158,,s150,,s157,,,,,,,s161,,,s159,s156,,,,,,,160,154,1080,153,,,,,,143,,,,,,,,142,,,147,,,,,144,,148,146,,149,,152,,,,,,,,,,,,,,,,,,
998,,,,,,,,,,,,,,,,,,s127,s128,s124,s126,s125,s121,,,,s320,,,,,,,,,,,,,,,,,,,,,,,,,,,,,,,,,,,,,,,,,,,,,,319,1081,,,,,,,,,,,,,,,,,,,,,,,
999,,r9,r9,r9,r9,,r9,r9,,r9,r9,r9,,r9,r9,r9,r9,r9,r9,r9,r9,r9,r9,r9,r9,,r9,,r9,,r9,,,,,r9,,,r9,r9,,,,,,,,,,,,,,,,,,,,,,,,,,,,,,,,,,,,,,,,,,,,,,,,,,,,,,,,,
1000,,,,,,,,,,,,,,,,,,,,,,,,,,,,,,,,,,,,,,,s1082,,,,,,,,,,,,,,,,,,,,,,,,,,,,,,,,,,,,,,,,,,,,,,,,,,,,,,,,,,
1001,,,,,s382,,,,,s376,,,,,,s386,,,,,,,,,s389,,s381,,s388,,,,,,,s392,,,s390,s387,,,,,,,391,385,1083,384,,,,,,374,,,,,,,,373,,,378,,,,,375,,379,377,,380,,383,,,,,,,,,,,,,,,,,,
1002,,r11,r11,r11,r11,,r11,r11,,r11,r11,r11,,r11,r11,r11,r11,r11,r11,r11,r11,r11,r11,r11,r11,,r11,,r11,,r11,,,,,r11,,,r11,r11,,,,,,,,,,,,,,,,,,,,,,,,,,,,,,,,,,,,,,,,,,,,,,,,,,,,,,,,,
1003,,,,,,,,,,,,,,,,s898,,,,,,,,,s901,,,,s900,,,,,,,s904,,,s902,s899,,,,,,,903,897,,1084,,,,,,,,,,,,,,,,,,,,,,,,,,,,,,,,,,,,,,,,,,,,,,,
1004,,r68,r68,r68,r68,,r68,r68,,r68,r68,r68,,r68,r68,r68,r68,r68,r68,r68,r68,r68,r68,r68,r68,,r68,,r68,,r68,,,,,r68,,,r68,r68,,,,,,,,,,,,,,,,,,,,,,,,,,,,,,,,,,,,,,,,,,,,,,,,,,,,,,,,,
1005,,,,,,,,,,,,,,,,,,,,,,,,,,,,,,s1085,,,,,,,,,,,,,,,,,,,,,,,,,,,,,,,,,,,,,,,,,,,,,,,,,,,,,,,,,,,,,,,,,,,
1006,,,,,,,,,,,,,,,,,,s127,s128,s124,s126,s125,s121,,,s1086,,,,,,s409,,,,,,,,,,,,,,,,,,,,,,,,,,,,,,,,,,,,,,,,,410,,,,,,,,,,,,,,,,,,,,,,,,
1007,,,,,,,,,,,,,,,,,,,,,,,,,,s1087,,,,,,,,,,,,,,,,,,,,,,,,,,,,,,,,,,,,,,,,,,,,,,,,,,,,,,,,,,,,,,,,,,,,,,,
1008,,,,,s195,,,,,s189,,,,,,s183,,,,,,,,,s201,r90,s194,,s200,,,,,,,s204,,,s202,s199,,,,,,,203,198,371,197,,,,,,187,,,,,,,,186,,,191,,,,,188,,192,190,,193,,196,,,1088,,,,,,,,,,,,,,,
1009,,r42,r42,r42,r42,,r42,r42,,r42,r42,r42,,,,r42,,,,,,,,,r42,,r42,,r42,,r42,,,,,r42,,,r42,r42,,,,,,,,,,,,,,,,,,,,,,,,,,,,,,,,,,,,,,,,,,,,,,,,,,,,,,,,,
1010,,,,,s151,,,,,s145,,,,,,s155,,,,,,,,,s158,,s150,,s157,,,,,,,s161,,,s159,s156,,,,,,,160,154,1089,153,,,,,,143,,,,,,,,142,,,147,,,,,144,,148,146,,149,,152,,,,,,,,,,,,,,,,,,
1011,,,,,,,,,,,,,,,,,,r93,r93,r93,r93,r93,r93,,,,r93,,,,,,,,,,,,,,,,,,,,,,,,,,,,,,,,,,,,,,,,,,,,,,,,,,,,,,,,,,,,,,,,,,,,,,
1012,,,,,,s1090,,,,,,,,,,,,,,,,,,,,,,,,,,,,,,,,,,,,,,,,,,,,,,,,,,,,,,,,,,,,,,,,,,,,,,,,,,,,,,,,,,,,,,,,,,,
1013,,,,,,,,,,,,,,,,,,,,,,,,,,,,s1091,,,,,,,,,,,,,,,,,,,,,,,,,,,,,,,,,,,,,,,,,,,,,,,,,,,,,,,,,,,,,,,,,,,,,
1014,,r120,r120,r120,r120,,r120,r120,,r120,r120,r120,,,,r120,,r120,r120,r120,r120,r120,r120,,r120,,r120,r120,r120,,r120,,,,,r120,,,r120,r120,,,,,,,,,,,,,,,,,,,,,,,,,,,,,,,,,,,,,,,,,,,,,,,,,,,,,,,,,
1015,,s546,s12,s556,s53,,s545,s563,,s50,s558,s559,,,,s63,,,,,,,,,s66,,s59,,s68,,s548,,,,,s60,,,s65,s67,,,,,,,561,61,543,62,,,550,551,,48,,,,,541,549,552,544,553,554,547,555,557,560,562,47,,49,51,,57,,64,,,,,,,,,,,,,,587,,,,
1016,,,,,,,,,,,,,,,,,,r54,r54,r54,r54,r54,r54,,,,,,,,,,,,r54,,,,,,,,,,,,,,,,,,,,,,,,,,,,,,,,,,,,,,914,,,,,,,,,,,,,,,,,,,,,,,,
1017,,,,,,,,,,,,,,r60,r60,s165,s166,r60,r60,r60,r60,r60,r60,,,,,,,,,,,,r60,,,,,,,,,,,,,,,,,,,,,,,,,,,,,,,,,,,,,,,,,,,917,,,,,,,,,,,,,,,,,,,
1018,,,,,,,,,,,,,,,,,,r106,r106,r106,r106,r106,r106,,,,,,,,,,,,r106,,,,,,,,,,,,,,,,,,,,,,,,,,,,,,,,,,,,,,,,,,,,,,,,,,,,,,,,,,,,,,
1019,,s40,s12,s43,s532,,s46,s56,,s50,s45,s58,,,,s536,,,,,,,,,s113,,s105,r28,s112,,s33,,,,,s533,,,s114,s111,,,,,,,531,534,528,535,,,29,34,,98,,,,918,527,35,36,529,38,39,530,42,44,54,55,99,,103,101,,104,,107,,,,,,,,,,,,,,,,,,
1020,,,,,,,,,,,,,,r62,r62,r62,r62,r62,r62,r62,r62,r62,r62,,,,,,,,,,,,r62,,,,,,,,,,,,,,,,,,,,,,,,,,,,,,,,,,,,,,,,,,,,,,,,,,,,,,,,,,,,,,
1021,,,,,,,,,,,,,,,,,,r26,r26,r26,r26,r26,r26,,,,,,,,,,,,r26,,,,,,,,,,,,,,,,,,,,,,,,,,,,,,,,,,,,,,,,,,,,,,,,,,,,,,,,,,,,,,
1022,,,,,,,,,,,,,,,,,,r110,r110,r110,r110,r110,r110,,,,,,,,,,,,r110,,,,,,,,,,,,,,,,,,,,,,,,,,,,,,,,,,,,,,,,,,,,,,,,,,,,,,,,,,,,,,
1023,,,,,,,,,,,,,,,,,,s127,s128,s124,s126,s125,s121,,,,r95,,,,,,,,,,,,,,,,,,,,,,,,,,,,,,,,,,,,,,,,,,,,,,319,,,,,,,,,,,,1092,,,,,,,,,,,,
1024,,,,,,s1093,,,,,,,,,,,,,,,,,,,,,,,,,,,,,,,,,,,,,,,,,,,,,,,,,,,,,,,,,,,,,,,,,,,,,,,,,,,,,,,,,,,,,,,,,,,
1025,,,,,,,,,,,,,,r10,r10,r10,r10,r10,r10,r10,r10,r10,r10,r10,,,,,r10,,,,,,r10,,,,r10,,,,,,,,,,,,,,,,,,,,,,,,,,,,,,,,,,,,,,,,,,,,,,,,,,,,,,,,,,
1026,,,,,,,,,,,,,,,,,,s127,s128,s124,s126,s125,s121,,,,,,,s1094,,,,,,,,,,,,,,,,,,,,,,,,,,,,,,,,,,,,,,,,,,,607,,,,,,,,,,,,,,,,,,,,,,,,
1027,,,,,,,,,,,,,,,,,,,,,,,,,,s1095,,,,,,,,,,,,,,,,,,,,,,,,,,,,,,,,,,,,,,,,,,,,,,,,,,,,,,,,,,,,,,,,,,,,,,,
1028,,,,,,,,,,,,,,,,s929,,,,,,,,,s925,,,,s930,,,,,,,s794,,,s792,s928,,,,,,,793,927,,1096,,,,,,,,,,,,,,,,,,,,,,,,,,,,,,,,,,,,,,,,,,,,,,,
1029,,,,,,,,,,,,,,r68,r68,r68,r68,r68,r68,r68,r68,r68,r68,r68,,,,,r68,,,,,,r68,,,,r68,,,,,,,,,,,,,,,,,,,,,,,,,,,,,,,,,,,,,,,,,,,,,,,,,,,,,,,,,,
1030,,,,,,,,,,,,,,r11,r11,r11,r11,r11,r11,r11,r11,r11,r11,r11,,,,,r11,,,,,,r11,,,,r11,,,,,,,,,,,,,,,,,,,,,,,,,,,,,,,,,,,,,,,,,,,,,,,,,,,,,,,,,,
1031,,,,,,,,,,,,,,,,,,,,,,,,,,,,,,s1097,,,,,,,,,,,,,,,,,,,,,,,,,,,,,,,,,,,,,,,,,,,,,,,,,,,,,,,,,,,,,,,,,,,
1032,,,,,,,,,,,,,,r67,r67,r67,r67,r67,r67,r67,r67,r67,r67,r67,,,,,,,,,,,r67,,,,r67,,,,,,,,,,,,,,,,,,,,,,,,,,,,,,,,,,,,,,,,,,,,,,,,,,,,,,,,,,
1033,,,,,,,,,,,,,,r69,r69,r69,r69,r69,r69,r69,r69,r69,r69,r69,,,,,,,,,,,r69,,,,r69,,,,,,,,,,,,,,,,,,,,,,,,,,,,,,,,,,,,,,,,,,,,,,,,,,,,,,,,,,
1034,,,,,,,,,,,,,,r73,r73,r73,r73,r73,r73,r73,r73,r73,r73,r73,,,,,r73,,,,,,r73,,,,r73,,,,,,,,,,,,,,,,,,,,,,,,,,,,,,,,,,,,,,,,,,,,,,,,,,,,,,,,,,
1035,,,,,,,,,,,,,,r70,r70,r70,r70,r70,r70,r70,r70,r70,r70,r70,,,,,,,,,,,r70,,,,r70,,,,,,,,,,,,,,,,,,,,,,,,,,,,,,,,,,,,,,,,,,,,,,,,,,,,,,,,,,
1036,,,,,,,,,,,,,,,,,,,,,,,,,,s1098,,,,,,,,,,,,,,,,,,,,,,,,,,,,,,,,,,,,,,,,,,,,,,,,,,,,,,,,,,,,,,,,,,,,,,,
1037,,r103,r103,r103,r103,,r103,r103,,r103,r103,r103,,,,r103,,,,,,,,,r103,,r103,r103,r103,,r103,,,,,r103,,,r103,r103,,,,,,,,,,,,,,,,,,,,,,,,,,,,,,,,,,,,,,,,,,,,,,,,,,,,,,,,,
1038,,,,,s106,,,,,s100,,,,,,s110,,,,,,,,,s113,,s105,,s112,,,,,,,s116,,,s114,s111,,,,,,,115,109,1099,108,,,,,,98,,,,,,,,97,,,102,,,,,99,,103,101,,104,,107,,,,,,,,,,,,,,,,,,
1039,,,,,,,,,,,,,,,,,,,,,,,,,,,,,,,s1100,,,,,,,,,,,,,,,,,,,,,,,,,,,,,,,,,,,,,,,,,,,,,,,,,,,,,,,,,,,,,,,,,,
1040,,,,,,,,,,,,,,,,,,,,,,,,,,s1101,,,,,,,,,,,,,,,,,,,,,,,,,,,,,,,,,,,,,,,,,,,,,,,,,,,,,,,,,,,,,,,,,,,,,,,
1041,,,,,,,,,,,,,,,,,,,,,,,,,s941,,,,s939,,,,,,,,s940,,,s942,,,,,1102,,,,,,,,,,,,,,,,,,,,,,,,,,,,,,,,,,,,,,,,,,,,,,,,,,,,
1042,,,,,,,,,,,,,r6,,,,,,,,,,,,,,,,,,,,,,,,,,,,,,,,,,,,,,,,,,,,,,,,,,,,,,,,,,,,,,,,,,,,,,,,,,,,,,,,,,,,
1043,,,,,,,,,,,,,,,,,,,,,,,,,,,,,,,,,,,r44,,,,,,,,,,,,,,,,,,,,,,,,,,,,,,,,,,,,,,,,,,,,,,,,,,,,,,,,,,,,,,
1044,,,,,,r99,,,,,,,,,,,,r96,r96,r96,r96,r96,r96,,,,,,,r96,,,,,,,,,,,,,,,,,,,,,,,,,,,,,,,,,,,,,,,,,,,,,,,,,,,,,,,,1103,1104,,,,,,,,,,
1045,,s40,s12,s43,s532,,s46,s56,,s50,s45,s58,,,,s536,,,,,,,,,s113,,s105,r28,s112,,s33,,,,,s533,,,s114,s111,,,,,,,531,534,528,535,,,29,34,,98,,,,1105,527,35,36,529,38,39,530,42,44,54,55,99,,103,101,,104,,107,,,,,,,,,,,,,,,,,,
1046,,,,,,,,,,,,,,,,,,r120,r120,r120,r120,r120,r120,,,,,,,r120,,,,,,,,,,,,,,,,,,,,,,,,,,,,,,,,,,,,,,,,,,,,,,,,,,,,,,,,,,,,,,,,,,,
1047,,s546,s12,s556,s53,,s545,s563,,s50,s558,s559,,,,s63,,,,,,,,,s66,,s59,,s68,,s548,,,,,s60,,,s65,s67,,,,,,,561,61,543,62,,,550,551,,48,,,,,541,549,552,544,553,554,547,555,557,560,562,47,,49,51,,57,,64,,,,,,,,,,,,,,612,,,,
1048,,,,,,,,,,,,,,,,,,r93,r93,r93,r93,r93,r93,,,r93,,,,,,r93,,,,,,,,,,,,,,,,,,,,,,,,,,,,,,,,,,,,,,,,,,,,,,,,,,,,,,,,,,,,,,,,,
1049,,,,,,s1106,,,,,,,,,,,,,,,,,,,,,,,,,,,,,,,,,,,,,,,,,,,,,,,,,,,,,,,,,,,,,,,,,,,,,,,,,,,,,,,,,,,,,,,,,,,
1050,,,,,,,,,,,,,,,,,,,,,,,,,,,,s1107,,,,,,,,,,,,,,,,,,,,,,,,,,,,,,,,,,,,,,,,,,,,,,,,,,,,,,,,,,,,,,,,,,,,,
1051,,,,,,,,,,,,,,,,,,r93,r93,r93,r93,r93,r93,,,,,,,r93,,r93,,,,,,,,,,,,,,,,,,,,,,,,,,,,,,,,,,,,,,,,,,,,,,,,,,,,,,,,,,,,,,,,,
1052,,,,,,s1108,,,,,,,,,,,,,,,,,,,,,,,,,,,,,,,,,,,,,,,,,,,,,,,,,,,,,,,,,,,,,,,,,,,,,,,,,,,,,,,,,,,,,,,,,,,
1053,,,,,,,,,,,,,,,,,,,,,,,,,,,,s1109,,,,,,,,,,,,,,,,,,,,,,,,,,,,,,,,,,,,,,,,,,,,,,,,,,,,,,,,,,,,,,,,,,,,,
1054,,,,,s1111,,,,,,,,,,,,,,,,,,,,,,s465,,,,,,,,,,,,,,,,,,,,,,,,,,,,,1110,,,,,,,,,,,,,,,,,,,,,,,,,,,,,,,,,,,,,,,,,
1055,r26,r26,r26,,,r26,,,,,,,,,,,,r26,r26,r26,r26,r26,r26,,,,,,,,,,,,,r26,,,,,r26,,,,,,,,,,,,,,,,,,,,,,,,,,,,,,,,,,,,,,,,,,,,,,,,,,,,,,,,
1056,,,,,,,,,,,,,,,,,,,,,,,,,,,,,,,,,,,,,,,s1112,,,,,,,,,,,,,,,,,,,,,,,,,,,,,,,,,,,,,,,,,,,,,,,,,,,,,,,,,,
1057,,,,,,,,,,,,,,,,,,,,,,,,,,,r4,,,,,,,,,,,,,,,,,,,,,,,,,,,,,,,,,,,,,,,,,,,,,,,,,,,,,,,,,,,,,,,,,,,,,,
1058,,,,,,,,,,,,,,,,,,,,,,,,,,,r5,,,,,,,,,,,,,,,,,,,,,,,,,,,,,,,,,,,,,,,,,,,,,,,,,,,,,,,,,,,,,,,,,,,,,,
1059,,,,,,,,,,,,,,,,,,,,,,,,,,,,,,s1113,,,,,,,,,,,,,,,,,,,,,,,,,,,,,,,,,,,,,,,,,,,,,,,,,,,,,,,,,,,,,,,,,,,
1060,,,,,s1115,,,,,,,,,,,,,,,,,,,,,,s503,,,,,,,,,,,,,,,,,,,,,,,,,,,,,1114,,,,,,,,,,,,,,,,,,,,,,,,,,,,,,,,,,,,,,,,,
1061,,,,,,r26,,,,,,,,,,,,r26,r26,r26,r26,r26,r26,,,,,,,,r26,,,,,,,,,,,,,,,,,,,,,,,,,,,,,,,,,,,,,,,,,,,,,,,,,,,,,,,,,,,,,,,,,,
1062,,,,,,,,,,,,,,,,,,r93,r93,r93,r93,r93,r93,,,,,r93,,,r93,,,,,,,,,,,,,,,,,,,,,,,,,,,,,,,,,,,,,,,,,,,,,,,,,,,,,,,,,,,,,,,,,,
1063,,,,,,s1116,,,,,,,,,,,,,,,,,,,,,,,,,,,,,,,,,,,,,,,,,,,,,,,,,,,,,,,,,,,,,,,,,,,,,,,,,,,,,,,,,,,,,,,,,,,
1064,,,,,,,,,,,,,,,,,,,,,,,,,,,,s1117,,,,,,,,,,,,,,,,,,,,,,,,,,,,,,,,,,,,,,,,,,,,,,,,,,,,,,,,,,,,,,,,,,,,,
1065,,,,,,,,,,,,,r74,r74,r74,r74,r74,r74,r74,r74,r74,r74,r74,r74,,,,,r74,,r74,,,,,,,,r74,,,,,,,,,,,,,,,,,,,,,,,,,,,,,,,,,,,,,,,,,,,,,,,,,,,,,,,,,,
1066,,r97,r97,r97,r97,,r97,r97,,r97,r97,r97,,,,r97,,r97,r97,r97,r97,r97,r97,,r97,,r97,r97,r97,,r97,,,,,r97,,,r97,r97,,,,,,,,,,,,,,,,,,,,,,,,,,,,,,,,,,,,,,,,,,,,,,,,,,,,,,,,,
1067,,,,,r94,,,,,r94,,,,,,r94,,,,,,,,,r94,,r94,,r94,,,,,,,r94,,,r94,r94,,,,,,,,,,,,,,,,,,,,,,,,,,,,,,,,,,,,,,,,,,,,1118,,,,,,,,,,,,,
1068,,r100,r100,r100,r100,,r100,r100,,r100,r100,r100,,,,r100,,,,,,,,,r100,,r100,,r100,,r100,,,,,r100,,,r100,r100,,,,,,,,,,,,,,,,,,,,,,,,,,,,,,,,,,,,,,,,,,,,,,,,,,,,,,,,,
1069,,s40,s12,s43,s532,,s46,s56,,s50,s45,s58,,,,s536,,,,,,,,,s113,,s105,r28,s112,,s33,,,,,s533,,,s114,s111,,,,,,,531,534,528,535,,,29,34,,98,,,,1119,527,35,36,529,38,39,530,42,44,54,55,99,,103,101,,104,,107,,,,,,,,,,,,,,,,,,
1070,,r48,r48,r48,r48,,r48,r48,,r48,r48,r48,,,,r48,,,,,,,,,r48,,r48,,r48,,r48,,,,,r48,,,r48,r48,,,,,,,,,,,,,,,,,,,,,,,,,,,,,,,,,,,,,,,,,,,,,,,,,,,,,,,,,
1071,,,,,s106,,,,,s100,,,,,,s110,,,,,,,,,s113,,s105,,s112,,,,,,,s116,,,s114,s111,,,,,,,115,109,1120,108,,,,,,98,,,,,,,,97,,,102,,,,,99,,103,101,,104,,107,,,,,,,,,,,,,,,,,,
1072,,r44,r44,r44,r44,,r44,r44,,r44,r44,r44,,,,r44,,,,,,,,,r44,,r44,,r44,,r44,,,,,r44,,,r44,r44,,,,,,,,,,,,,,,,,,,,,,,,,,,,,,,,,,,,,,,,,,,,,,,,,,,,,,,,,
1073,,r54,r54,r54,r54,,r54,r54,,r54,r54,r54,,,,r54,,r54,r54,r54,r54,r54,r54,,r54,,r54,,r54,,r54,,,,,r54,,,r54,r54,,,,,,,,,,,,,,,,,,,,,,,,,,,,,,,,,991,,,,,,,,,,,,,,,,,,,,,,,,
1074,,r60,r60,r60,r60,,r60,r60,,r60,r60,r60,,r60,r60,r60,s166,r60,r60,r60,r60,r60,r60,,r60,,r60,,r60,,r60,,,,,r60,,,r60,r60,,,,,,,,,,,,,,,,,,,,,,,,,,,,,,,,,,,,,,994,,,,,,,,,,,,,,,,,,,
1075,,r106,r106,r106,r106,,r106,r106,,r106,r106,r106,,,,r106,,r106,r106,r106,r106,r106,r106,,r106,,r106,,r106,,r106,,,,,r106,,,r106,r106,,,,,,,,,,,,,,,,,,,,,,,,,,,,,,,,,,,,,,,,,,,,,,,,,,,,,,,,,
1076,,s40,s12,s43,s532,,s46,s56,,s50,s45,s58,,,,s536,,,,,,,,,s113,,s105,r28,s112,,s33,,,,,s533,,,s114,s111,,,,,,,531,534,528,535,,,29,34,,98,,,,995,527,35,36,529,38,39,530,42,44,54,55,99,,103,101,,104,,107,,,,,,,,,,,,,,,,,,
1077,,r62,r62,r62,r62,,r62,r62,,r62,r62,r62,,r62,r62,r62,r62,r62,r62,r62,r62,r62,r62,,r62,,r62,,r62,,r62,,,,,r62,,,r62,r62,,,,,,,,,,,,,,,,,,,,,,,,,,,,,,,,,,,,,,,,,,,,,,,,,,,,,,,,,
1078,,r26,r26,r26,r26,,r26,r26,,r26,r26,r26,,,,r26,,r26,r26,r26,r26,r26,r26,,r26,,r26,,r26,,r26,,,,,r26,,,r26,r26,,,,,,,,,,,,,,,,,,,,,,,,,,,,,,,,,,,,,,,,,,,,,,,,,,,,,,,,,
1079,,r110,r110,r110,r110,,r110,r110,,r110,r110,r110,,,,r110,,r110,r110,r110,r110,r110,r110,,r110,,r110,,r110,,r110,,,,,r110,,,r110,r110,,,,,,,,,,,,,,,,,,,,,,,,,,,,,,,,,,,,,,,,,,,,,,,,,,,,,,,,,
1080,,,,,,,,,,,,,,,,,,s127,s128,s124,s126,s125,s121,,,,r95,,,,,,,,,,,,,,,,,,,,,,,,,,,,,,,,,,,,,,,,,,,,,,319,,,,,,,,,,,,1121,,,,,,,,,,,,
1081,,,,,,s1122,,,,,,,,,,,,,,,,,,,,,,,,,,,,,,,,,,,,,,,,,,,,,,,,,,,,,,,,,,,,,,,,,,,,,,,,,,,,,,,,,,,,,,,,,,,
1082,,r10,r10,r10,r10,,r10,r10,,r10,r10,r10,,r10,r10,r10,r10,r10,r10,r10,r10,r10,r10,r10,r10,,r10,,r10,,r10,,,,,r10,,,r10,r10,,,,,,,,,,,,,,,,,,,,,,,,,,,,,,,,,,,,,,,,,,,,,,,,,,,,,,,,,
1083,,,,,,,,,,,,,,,,,,s127,s128,s124,s126,s125,s121,,,,,,,s1123,,,,,,,,,,,,,,,,,,,,,,,,,,,,,,,,,,,,,,,,,,,607,,,,,,,,,,,,,,,,,,,,,,,,
1084,,r67,r67,r67,r67,,r67,r67,,r67,r67,r67,,r67,r67,r67,r67,r67,r67,r67,r67,r67,r67,r67,r67,,r67,,r67,,r67,,,,,r67,,,r67,r67,,,,,,,,,,,,,,,,,,,,,,,,,,,,,,,,,,,,,,,,,,,,,,,,,,,,,,,,,
1085,,r69,r69,r69,r69,,r69,r69,,r69,r69,r69,,r69,r69,r69,r69,r69,r69,r69,r69,r69,r69,r69,r69,,r69,,r69,,r69,,,,,r69,,,r69,r69,,,,,,,,,,,,,,,,,,,,,,,,,,,,,,,,,,,,,,,,,,,,,,,,,,,,,,,,,
1086,,r73,r73,r73,r73,,r73,r73,,r73,r73,r73,,r73,r73,r73,r73,r73,r73,r73,r73,r73,r73,r73,r73,,r73,,r73,,r73,,,,,r73,,,r73,r73,,,,,,,,,,,,,,,,,,,,,,,,,,,,,,,,,,,,,,,,,,,,,,,,,,,,,,,,,
1087,,r70,r70,r70,r70,,r70,r70,,r70,r70,r70,,r70,r70,r70,r70,r70,r70,r70,r70,r70,r70,r70,r70,,r70,,r70,,r70,,,,,r70,,,r70,r70,,,,,,,,,,,,,,,,,,,,,,,,,,,,,,,,,,,,,,,,,,,,,,,,,,,,,,,,,
1088,,,,,,,,,,,,,,,,,,,,,,,,,,s1124,,,,,,,,,,,,,,,,,,,,,,,,,,,,,,,,,,,,,,,,,,,,,,,,,,,,,,,,,,,,,,,,,,,,,,,
1089,,,,,,,,,,,,,,,,,,s127,s128,s124,s126,s125,s121,,,,r105,,,,,,,,,,,,,,,,,,,,,,,,,,,,,,,,,,,,,,,,,,,,,,319,,,,,,,,,,,,,,,,,,1125,,,,,,
1090,,,,,s1127,,,,,,,,,,,,,,,,,,,,,,s566,,,,,,,,,,,,,,,,,,,,,,,,,,,,,1126,,,,,,,,,,,,,,,,,,,,,,,,,,,,,,,,,,,,,,,,,
1091,,,,,,r26,,,,,,,,,,,,r26,r26,r26,r26,r26,r26,,,,r26,,,,,,,,,,,,,,,,,,,,,,,,,,,,,,,,,,,,,,,,,,,,,,,,,,,,,,,,,,,,,,,,,,,,,,
1092,,,,,,,,,,,,,,,,,,,,,,,,,,,s1129,,,,,,,,,,,,,,,,,,,,,,,,,,,,,1128,,,,,,,,,,,,,,,,,,,,,,,,,,,,,,,,,,,,,,,,,
1093,,,,,,,,,,,,,,,,,,,,,,,,,,,s1131,,,,,,,,,,,,,,,,,,,,,,,,,,,,,,,,,,,,,,,,,,,,,,,1130,,,,,,,,,,,,,,,,,,,,,,,
1094,,,,,,,,,,,,,,r8,r8,r8,r8,r8,r8,r8,r8,r8,r8,r8,,,,,r8,,,,,,r8,,,,r8,,,,,,,,,,,,,,,,,,,,,,,,,,,,,,,,,,,,,,,,,,,,,,,,,,,,,,,,,,
1095,,,,,,,,,,,,,,r70,r70,r70,r70,r70,r70,r70,r70,r70,r70,r70,,,,,r70,,,,,,r70,,,,r70,,,,,,,,,,,,,,,,,,,,,,,,,,,,,,,,,,,,,,,,,,,,,,,,,,,,,,,,,,
1096,,,,,,,,,,,,,,r67,r67,r67,r67,r67,r67,r67,r67,r67,r67,r67,,,,,r67,,,,,,r67,,,,r67,,,,,,,,,,,,,,,,,,,,,,,,,,,,,,,,,,,,,,,,,,,,,,,,,,,,,,,,,,
1097,,,,,,,,,,,,,,r69,r69,r69,r69,r69,r69,r69,r69,r69,r69,r69,,,,,r69,,,,,,r69,,,,r69,,,,,,,,,,,,,,,,,,,,,,,,,,,,,,,,,,,,,,,,,,,,,,,,,,,,,,,,,,
1098,,,,,,,,,,,,,,r74,r74,r74,r74,r74,r74,r74,r74,r74,r74,r74,,,,,r74,,,,,,r74,,,,r74,,,,,,,,,,,,,,,,,,,,,,,,,,,,,,,,,,,,,,,,,,,,,,,,,,,,,,,,,,
1099,,,,,,,,,,,,,,,,,,s127,s128,s124,s126,s125,s121,,,,,,,,s1132,,,,,,,,,,,,,,,,,,,,,,,,,,,,,,,,,,,,,,,,,,278,,,,,,,,,,,,,,,,,,,,,,,,
1100,,,,,,,,,,,,,,,,,,,,,,,,,,,,,,,,,,,,,,,s1133,,,,,,,,,,,,,,,,,,,,,,,,,,,,,,,,,,,,,,,,,,,,,,,,,,,,,,,,,,
1101,,,,,,,,,,,,,r4,,,,,,,,,,,,,,,,,,,,,,,,,,,,,,,,,,,,,,,,,,,,,,,,,,,,,,,,,,,,,,,,,,,,,,,,,,,,,,,,,,,,
1102,,,,,,,,,,,,,r5,,,,,,,,,,,,,,,,,,,,,,,,,,,,,,,,,,,,,,,,,,,,,,,,,,,,,,,,,,,,,,,,,,,,,,,,,,,,,,,,,,,,
1103,,,,,,,,,,,,,,,,,,r93,r93,r93,r93,r93,r93,,,,,,,r93,,,,,,,,,,,,,,,,,,,,,,,,,,,,,,,,,,,,,,,,,,,,,,,,,,,,,,,,,,,,,,,,,,,
1104,,,,,,s1134,,,,,,,,,,,,,,,,,,,,,,,,,,,,,,,,,,,,,,,,,,,,,,,,,,,,,,,,,,,,,,,,,,,,,,,,,,,,,,,,,,,,,,,,,,,
1105,,,,,,,,,,,,,,,,,,,,,,,,,,,,s1135,,,,,,,,,,,,,,,,,,,,,,,,,,,,,,,,,,,,,,,,,,,,,,,,,,,,,,,,,,,,,,,,,,,,,
1106,,,,,s1137,,,,,,,,,,,,,,,,,,,,,,s645,,,,,,,,,,,,,,,,,,,,,,,,,,,,,1136,,,,,,,,,,,,,,,,,,,,,,,,,,,,,,,,,,,,,,,,,
1107,,,,,,r26,,,,,,,,,,,,r26,r26,r26,r26,r26,r26,,,r26,,,,,,r26,,,,,,,,,,,,,,,,,,,,,,,,,,,,,,,,,,,,,,,,,,,,,,,,,,,,,,,,,,,,,,,,,
1108,,,,,s1139,,,,,,,,,,,,,,,,,,,,,,s669,,,,,,,,,,,,,,,,,,,,,,,,,,,,,1138,,,,,,,,,,,,,,,,,,,,,,,,,,,,,,,,,,,,,,,,,
1109,,,,,,r26,,,,,,,,,,,,r26,r26,r26,r26,r26,r26,,,,,,,r26,,r26,,,,,,,,,,,,,,,,,,,,,,,,,,,,,,,,,,,,,,,,,,,,,,,,,,,,,,,,,,,,,,,,,
1110,r97,r97,r97,,,,,,,,,,,,,,,r97,r97,r97,r97,r97,r97,,,,,,,,,,,,,r97,,,,,r97,,,,,,,,,,,,,,,,,,,,,,,,,,,,,,,,,,,,,,,,,,,,,,,,,,,,,,,,
1111,,,,,r94,,,,,r94,,,,,,r94,,,,,,,,,r94,,r94,,r94,,,,,,,r94,,,r94,r94,,,,,,,,,,,,,,,,,,,,,,,,,,,,,,,,,,,,,,,,,,,,1140,,,,,,,,,,,,,
1112,,,,,,,,,,,,,,,,,,,,,,,,,,,,,,s1141,,,,,,,,,,,,,,,,,,,,,,,,,,,,,,,,,,,,,,,,,,,,,,,,,,,,,,,,,,,,,,,,,,,
1113,,,,,,,,,,,,,,,,,,,,,,,,,,r3,,,,,,r3,,,,,,,,,,,,,,,,,,,,,,,,,,,,,,,,,,,,,,,,,,,,,,,,,,,,,,,,,,,,,,,,,
1114,,,,,,,,,,,,,,,,,,r97,r97,r97,r97,r97,r97,,,,,,,,r97,,,,,,,,,,,,,,,,,,,,,,,,,,,,,,,,,,,,,,,,,,,,,,,,,,,,,,,,,,,,,,,,,,
1115,,,,,r94,,,,,r94,,,,,,r94,,,,,,,,,r94,,r94,,r94,,,,,,,r94,,,r94,r94,,,,,,,,,,,,,,,,,,,,,,,,,,,,,,,,,,,,,,,,,,,,1142,,,,,,,,,,,,,
1116,,,,,s1144,,,,,,,,,,,,,,,,,,,,,,s719,,,,,,,,,,,,,,,,,,,,,,,,,,,,,1143,,,,,,,,,,,,,,,,,,,,,,,,,,,,,,,,,,,,,,,,,
1117,,,,,,r26,,,,,,,,,,,,r26,r26,r26,r26,r26,r26,,,,,r26,,,r26,,,,,,,,,,,,,,,,,,,,,,,,,,,,,,,,,,,,,,,,,,,,,,,,,,,,,,,,,,,,,,,,,,
1118,,,,,s151,,,,,s145,,,,,,s155,,,,,,,,,s158,,s150,,s157,,,,,,,s161,,,s159,s156,,,,,,,160,154,1145,153,,,,,,143,,,,,,,,142,,,147,,,,,144,,148,146,,149,,152,,,,,,,,,,,,,,,,,,
1119,,,,,,,,,,,,,,,,,,,,,,,,,,,,s1146,,,,,,,,,,,,,,,,,,,,,,,,,,,,,,,,,,,,,,,,,,,,,,,,,,,,,,,,,,,,,,,,,,,,,
1120,,,,,,,,,,,,,,,,,,s127,s128,s124,s126,s125,s121,,,,,,,,s1147,,,,,,,,,,,,,,,,,,,,,,,,,,,,,,,,,,,,,,,,,,278,,,,,,,,,,,,,,,,,,,,,,,,
1121,,,,,,,,,,,,,,,,,,,,,,,,,,,s1149,,,,,,,,,,,,,,,,,,,,,,,,,,,,,1148,,,,,,,,,,,,,,,,,,,,,,,,,,,,,,,,,,,,,,,,,
1122,,,,,,,,,,,,,,,,,,,,,,,,,,,s1151,,,,,,,,,,,,,,,,,,,,,,,,,,,,,,,,,,,,,,,,,,,,,,,1150,,,,,,,,,,,,,,,,,,,,,,,
1123,,r8,r8,r8,r8,,r8,r8,,r8,r8,r8,,r8,r8,r8,r8,r8,r8,r8,r8,r8,r8,r8,r8,,r8,,r8,,r8,,,,,r8,,,r8,r8,,,,,,,,,,,,,,,,,,,,,,,,,,,,,,,,,,,,,,,,,,,,,,,,,,,,,,,,,
1124,,r74,r74,r74,r74,,r74,r74,,r74,r74,r74,,r74,r74,r74,r74,r74,r74,r74,r74,r74,r74,r74,r74,,r74,,r74,,r74,,,,,r74,,,r74,r74,,,,,,,,,,,,,,,,,,,,,,,,,,,,,,,,,,,,,,,,,,,,,,,,,,,,,,,,,
1125,,,,,,,,,,,,,,,,,,,,,,,,,,,s1069,,,,,,,,,,,,,,,,,,,,,,,,,,,,,1152,,,,,,,,,,,,,,,,,,,,,,,,,,,,,,,,,,,,,,,,,
1126,,,,,,,,,,,,,,,,,,r97,r97,r97,r97,r97,r97,,,,r97,,,,,,,,,,,,,,,,,,,,,,,,,,,,,,,,,,,,,,,,,,,,,,,,,,,,,,,,,,,,,,,,,,,,,,
1127,,,,,r94,,,,,r94,,,,,,r94,,,,,,,,,r94,,r94,,r94,,,,,,,r94,,,r94,r94,,,,,,,,,,,,,,,,,,,,,,,,,,,,,,,,,,,,,,,,,,,,1153,,,,,,,,,,,,,
1128,,,,,,r99,,,,,,,,,,,,r96,r96,r96,r96,r96,r96,,,,,,,,,,,,r96,,,,,,,,,,,,,,,,,,,,,,,,,,,,,,,,,,,,,,,,,,,,,,,,,,,1154,1155,,,,,,,,,,
1129,,s40,s12,s43,s532,,s46,s56,,s50,s45,s58,,,,s536,,,,,,,,,s113,,s105,r28,s112,,s33,,,,,s533,,,s114,s111,,,,,,,531,534,528,535,,,29,34,,98,,,,1156,527,35,36,529,38,39,530,42,44,54,55,99,,103,101,,104,,107,,,,,,,,,,,,,,,,,,
1130,,,,,,,,,,,,,,,,,,r120,r120,r120,r120,r120,r120,,,,,,,,,,,,r120,,,,,,,,,,,,,,,,,,,,,,,,,,,,,,,,,,,,,,,,,,,,,,,,,,,,,,,,,,,,,,
1131,,s546,s12,s556,s53,,s545,s563,,s50,s558,s559,,,,s63,,,,,,,,,s66,,s59,,s68,,s548,,,,,s60,,,s65,s67,,,,,,,561,61,543,62,,,550,551,,48,,,,,541,549,552,544,553,554,547,555,557,560,562,47,,49,51,,57,,64,,,,,,,,,,,,,,919,,,,
1132,,,,,,,,,,,,,,,,,,,,,,,,,,,,,,,,,,,r43,,,,,,,,,,,,,,,,,,,,,,,,,,,,,,,,,,,,,,,,,,,,,,,,,,,,,,,,,,,,,,
1133,,,,,,,,,,,,,,,,,,,,,,,,,,,,,,s1157,,,,,,,,,,,,,,,,,,,,,,,,,,,,,,,,,,,,,,,,,,,,,,,,,,,,,,,,,,,,,,,,,,,
1134,,,,,s1159,,,,,,,,,,,,,,,,,,,,,,s803,,,,,,,,,,,,,,,,,,,,,,,,,,,,,1158,,,,,,,,,,,,,,,,,,,,,,,,,,,,,,,,,,,,,,,,,
1135,,,,,,r26,,,,,,,,,,,,r26,r26,r26,r26,r26,r26,,,,,,,r26,,,,,,,,,,,,,,,,,,,,,,,,,,,,,,,,,,,,,,,,,,,,,,,,,,,,,,,,,,,,,,,,,,,
1136,,,,,,,,,,,,,,,,,,r97,r97,r97,r97,r97,r97,,,r97,,,,,,r97,,,,,,,,,,,,,,,,,,,,,,,,,,,,,,,,,,,,,,,,,,,,,,,,,,,,,,,,,,,,,,,,,
1137,,,,,r94,,,,,r94,,,,,,r94,,,,,,,,,r94,,r94,,r94,,,,,,,r94,,,r94,r94,,,,,,,,,,,,,,,,,,,,,,,,,,,,,,,,,,,,,,,,,,,,1160,,,,,,,,,,,,,
1138,,,,,,,,,,,,,,,,,,r97,r97,r97,r97,r97,r97,,,,,,,r97,,r97,,,,,,,,,,,,,,,,,,,,,,,,,,,,,,,,,,,,,,,,,,,,,,,,,,,,,,,,,,,,,,,,,
1139,,,,,r94,,,,,r94,,,,,,r94,,,,,,,,,r94,,r94,,r94,,,,,,,r94,,,r94,r94,,,,,,,,,,,,,,,,,,,,,,,,,,,,,,,,,,,,,,,,,,,,1161,,,,,,,,,,,,,
1140,,,,,s151,,,,,s145,,,,,,s155,,,,,,,,,s158,,s150,,s157,,,,,,,s161,,,s159,s156,,,,,,,160,154,1162,153,,,,,,143,,,,,,,,142,,,147,,,,,144,,148,146,,149,,152,,,,,,,,,,,,,,,,,,
1141,,,,,,,,,,,,,,,,,,,,,,,,,,,r3,,,,,,,,,,,,,,,,,,,,,,,,,,,,,,,,,,,,,,,,,,,,,,,,,,,,,,,,,,,,,,,,,,,,,,
1142,,,,,s151,,,,,s145,,,,,,s155,,,,,,,,,s158,,s150,,s157,,,,,,,s161,,,s159,s156,,,,,,,160,154,1163,153,,,,,,143,,,,,,,,142,,,147,,,,,144,,148,146,,149,,152,,,,,,,,,,,,,,,,,,
1143,,,,,,,,,,,,,,,,,,r97,r97,r97,r97,r97,r97,,,,,r97,,,r97,,,,,,,,,,,,,,,,,,,,,,,,,,,,,,,,,,,,,,,,,,,,,,,,,,,,,,,,,,,,,,,,,,
1144,,,,,r94,,,,,r94,,,,,,r94,,,,,,,,,r94,,r94,,r94,,,,,,,r94,,,r94,r94,,,,,,,,,,,,,,,,,,,,,,,,,,,,,,,,,,,,,,,,,,,,1164,,,,,,,,,,,,,
1145,,,,,,,,,,,,,,,,,,s127,s128,s124,s126,s125,s121,,,,r95,,,,,,,,,,,,,,,,,,,,,,,,,,,,,,,,,,,,,,,,,,,,,,319,,,,,,,,,,,,1165,,,,,,,,,,,,
1146,,r26,r26,r26,r26,,r26,r26,,r26,r26,r26,,,,r26,,,,,,,,,r26,,r26,,r26,,r26,,,,,r26,,,r26,r26,,,,,,,,,,,,,,,,,,,,,,,,,,,,,,,,,,,,,,,,,,,,,,,,,,,,,,,,,
1147,,r43,r43,r43,r43,,r43,r43,,r43,r43,r43,,,,r43,,,,,,,,,r43,,r43,,r43,,r43,,,,,r43,,,r43,r43,,,,,,,,,,,,,,,,,,,,,,,,,,,,,,,,,,,,,,,,,,,,,,,,,,,,,,,,,
1148,,r96,r96,r96,r96,r99,r96,r96,,r96,r96,r96,,,,r96,,r96,r96,r96,r96,r96,r96,,r96,,r96,,r96,,r96,,,,,r96,,,r96,r96,,,,,,,,,,,,,,,,,,,,,,,,,,,,,,,,,,,,,,,,,,,,,,1166,1167,,,,,,,,,,
1149,,s40,s12,s43,s532,,s46,s56,,s50,s45,s58,,,,s536,,,,,,,,,s113,,s105,r28,s112,,s33,,,,,s533,,,s114,s111,,,,,,,531,534,528,535,,,29,34,,98,,,,1168,527,35,36,529,38,39,530,42,44,54,55,99,,103,101,,104,,107,,,,,,,,,,,,,,,,,,
1150,,r120,r120,r120,r120,,r120,r120,,r120,r120,r120,,,,r120,,r120,r120,r120,r120,r120,r120,,r120,,r120,,r120,,r120,,,,,r120,,,r120,r120,,,,,,,,,,,,,,,,,,,,,,,,,,,,,,,,,,,,,,,,,,,,,,,,,,,,,,,,,
1151,,s546,s12,s556,s53,,s545,s563,,s50,s558,s559,,,,s63,,,,,,,,,s66,,s59,,s68,,s548,,,,,s60,,,s65,s67,,,,,,,561,61,543,62,,,550,551,,48,,,,,541,549,552,544,553,554,547,555,557,560,562,47,,49,51,,57,,64,,,,,,,,,,,,,,996,,,,
1152,,r103,r103,r103,r103,,r103,r103,,r103,r103,r103,,,,r103,,,,,,,,,r103,,r103,,r103,,r103,,,,,r103,,,r103,r103,,,,,,,,,,,,,,,,,,,,,,,,,,,,,,,,,,,,,,,,,,,,,,,,,,,,,,,,,
1153,,,,,s151,,,,,s145,,,,,,s155,,,,,,,,,s158,,s150,,s157,,,,,,,s161,,,s159,s156,,,,,,,160,154,1169,153,,,,,,143,,,,,,,,142,,,147,,,,,144,,148,146,,149,,152,,,,,,,,,,,,,,,,,,
1154,,,,,,,,,,,,,,,,,,r93,r93,r93,r93,r93,r93,,,,,,,,,,,,r93,,,,,,,,,,,,,,,,,,,,,,,,,,,,,,,,,,,,,,,,,,,,,,,,,,,,,,,,,,,,,,
1155,,,,,,s1170,,,,,,,,,,,,,,,,,,,,,,,,,,,,,,,,,,,,,,,,,,,,,,,,,,,,,,,,,,,,,,,,,,,,,,,,,,,,,,,,,,,,,,,,,,,
1156,,,,,,,,,,,,,,,,,,,,,,,,,,,,s1171,,,,,,,,,,,,,,,,,,,,,,,,,,,,,,,,,,,,,,,,,,,,,,,,,,,,,,,,,,,,,,,,,,,,,
1157,,,,,,,,,,,,,r3,,,,,,,,,,,,,,,,,,,,,,,,,,,,,,,,,,,,,,,,,,,,,,,,,,,,,,,,,,,,,,,,,,,,,,,,,,,,,,,,,,,,
1158,,,,,,,,,,,,,,,,,,r97,r97,r97,r97,r97,r97,,,,,,,r97,,,,,,,,,,,,,,,,,,,,,,,,,,,,,,,,,,,,,,,,,,,,,,,,,,,,,,,,,,,,,,,,,,,
1159,,,,,r94,,,,,r94,,,,,,r94,,,,,,,,,r94,,r94,,r94,,,,,,,r94,,,r94,r94,,,,,,,,,,,,,,,,,,,,,,,,,,,,,,,,,,,,,,,,,,,,1172,,,,,,,,,,,,,
1160,,,,,s151,,,,,s145,,,,,,s155,,,,,,,,,s158,,s150,,s157,,,,,,,s161,,,s159,s156,,,,,,,160,154,1173,153,,,,,,143,,,,,,,,142,,,147,,,,,144,,148,146,,149,,152,,,,,,,,,,,,,,,,,,
1161,,,,,s151,,,,,s145,,,,,,s155,,,,,,,,,s158,,s150,,s157,,,,,,,s161,,,s159,s156,,,,,,,160,154,1174,153,,,,,,143,,,,,,,,142,,,147,,,,,144,,148,146,,149,,152,,,,,,,,,,,,,,,,,,
1162,,,,,,,,,,,,,,,,,,s127,s128,s124,s126,s125,s121,,,,r95,,,,,,,,,,,,,,,,,,,,,,,,,,,,,,,,,,,,,,,,,,,,,,319,,,,,,,,,,,,1175,,,,,,,,,,,,
1163,,,,,,,,,,,,,,,,,,s127,s128,s124,s126,s125,s121,,,,r95,,,,,,,,,,,,,,,,,,,,,,,,,,,,,,,,,,,,,,,,,,,,,,319,,,,,,,,,,,,1176,,,,,,,,,,,,
1164,,,,,s151,,,,,s145,,,,,,s155,,,,,,,,,s158,,s150,,s157,,,,,,,s161,,,s159,s156,,,,,,,160,154,1177,153,,,,,,143,,,,,,,,142,,,147,,,,,144,,148,146,,149,,152,,,,,,,,,,,,,,,,,,
1165,,,,,,,,,,,,,,,,,,,,,,,,,,,s740,,,,,,,,,,,,,,,,,,,,,,,,,,,,,1178,,,,,,,,,,,,,,,,,,,,,,,,,,,,,,,,,,,,,,,,,
1166,,r93,r93,r93,r93,,r93,r93,,r93,r93,r93,,,,r93,,r93,r93,r93,r93,r93,r93,,r93,,r93,,r93,,r93,,,,,r93,,,r93,r93,,,,,,,,,,,,,,,,,,,,,,,,,,,,,,,,,,,,,,,,,,,,,,,,,,,,,,,,,
1167,,,,,,s1179,,,,,,,,,,,,,,,,,,,,,,,,,,,,,,,,,,,,,,,,,,,,,,,,,,,,,,,,,,,,,,,,,,,,,,,,,,,,,,,,,,,,,,,,,,,
1168,,,,,,,,,,,,,,,,,,,,,,,,,,,,s1180,,,,,,,,,,,,,,,,,,,,,,,,,,,,,,,,,,,,,,,,,,,,,,,,,,,,,,,,,,,,,,,,,,,,,
1169,,,,,,,,,,,,,,,,,,s127,s128,s124,s126,s125,s121,,,,r95,,,,,,,,,,,,,,,,,,,,,,,,,,,,,,,,,,,,,,,,,,,,,,319,,,,,,,,,,,,1181,,,,,,,,,,,,
1170,,,,,s1183,,,,,,,,,,,,,,,,,,,,,,s1019,,,,,,,,,,,,,,,,,,,,,,,,,,,,,1182,,,,,,,,,,,,,,,,,,,,,,,,,,,,,,,,,,,,,,,,,
1171,,,,,,r26,,,,,,,,,,,,r26,r26,r26,r26,r26,r26,,,,,,,,,,,,r26,,,,,,,,,,,,,,,,,,,,,,,,,,,,,,,,,,,,,,,,,,,,,,,,,,,,,,,,,,,,,,
1172,,,,,s151,,,,,s145,,,,,,s155,,,,,,,,,s158,,s150,,s157,,,,,,,s161,,,s159,s156,,,,,,,160,154,1184,153,,,,,,143,,,,,,,,142,,,147,,,,,144,,148,146,,149,,152,,,,,,,,,,,,,,,,,,
1173,,,,,,,,,,,,,,,,,,s127,s128,s124,s126,s125,s121,,,,r95,,,,,,,,,,,,,,,,,,,,,,,,,,,,,,,,,,,,,,,,,,,,,,319,,,,,,,,,,,,1185,,,,,,,,,,,,
1174,,,,,,,,,,,,,,,,,,s127,s128,s124,s126,s125,s121,,,,r95,,,,,,,,,,,,,,,,,,,,,,,,,,,,,,,,,,,,,,,,,,,,,,319,,,,,,,,,,,,1186,,,,,,,,,,,,
1175,,,,,,,,,,,,,,,,,,,,,,,,,,,s842,,,,,,,,,,,,,,,,,,,,,,,,,,,,,1187,,,,,,,,,,,,,,,,,,,,,,,,,,,,,,,,,,,,,,,,,
1176,,,,,,,,,,,,,,,,,,,,,,,,,,,s860,,,,,,,,,,,,,,,,,,,,,,,,,,,,,1188,,,,,,,,,,,,,,,,,,,,,,,,,,,,,,,,,,,,,,,,,
1177,,,,,,,,,,,,,,,,,,s127,s128,s124,s126,s125,s121,,,,r95,,,,,,,,,,,,,,,,,,,,,,,,,,,,,,,,,,,,,,,,,,,,,,319,,,,,,,,,,,,1189,,,,,,,,,,,,
1178,,r96,r96,r96,r96,r99,r96,r96,,r96,r96,r96,,,,r96,,r96,r96,r96,r96,r96,r96,,r96,,r96,r96,r96,,r96,,,,,r96,,,r96,r96,,,,,,,,,,,,,,,,,,,,,,,,,,,,,,,,,,,,,,,,,,,,,,1190,876,,,,,,,,,,
1179,,,,,s1192,,,,,,,,,,,,,,,,,,,,,,s1076,,,,,,,,,,,,,,,,,,,,,,,,,,,,,1191,,,,,,,,,,,,,,,,,,,,,,,,,,,,,,,,,,,,,,,,,
1180,,r26,r26,r26,r26,r26,r26,r26,,r26,r26,r26,,,,r26,,r26,r26,r26,r26,r26,r26,,r26,,r26,,r26,,r26,,,,,r26,,,r26,r26,,,,,,,,,,,,,,,,,,,,,,,,,,,,,,,,,,,,,,,,,,,,,,,,,,,,,,,,,
1181,,,,,,,,,,,,,,,,,,,,,,,,,,,s908,,,,,,,,,,,,,,,,,,,,,,,,,,,,,1193,,,,,,,,,,,,,,,,,,,,,,,,,,,,,,,,,,,,,,,,,
1182,,,,,,,,,,,,,,,,,,r97,r97,r97,r97,r97,r97,,,,,,,,,,,,r97,,,,,,,,,,,,,,,,,,,,,,,,,,,,,,,,,,,,,,,,,,,,,,,,,,,,,,,,,,,,,,
1183,,,,,r94,,,,,r94,,,,,,r94,,,,,,,,,r94,,r94,,r94,,,,,,,r94,,,r94,r94,,,,,,,,,,,,,,,,,,,,,,,,,,,,,,,,,,,,,,,,,,,,1194,,,,,,,,,,,,,
1184,,,,,,,,,,,,,,,,,,s127,s128,s124,s126,s125,s121,,,,r95,,,,,,,,,,,,,,,,,,,,,,,,,,,,,,,,,,,,,,,,,,,,,,319,,,,,,,,,,,,1195,,,,,,,,,,,,
1185,,,,,,,,,,,,,,,,,,,,,,,,,,,s953,,,,,,,,,,,,,,,,,,,,,,,,,,,,,1196,,,,,,,,,,,,,,,,,,,,,,,,,,,,,,,,,,,,,,,,,
1186,,,,,,,,,,,,,,,,,,,,,,,,,,,s957,,,,,,,,,,,,,,,,,,,,,,,,,,,,,1197,,,,,,,,,,,,,,,,,,,,,,,,,,,,,,,,,,,,,,,,,
1187,r96,r96,r96,,,r99,,,,,,,,,,,,r96,r96,r96,r96,r96,r96,,,,,,,,,,,,,r96,,,,,r96,,,,,,,,,,,,,,,,,,,,,,,,,,,,,,,,,,,,,,,,,,,,,1198,961,,,,,,,,,,
1188,,,,,,r99,,,,,,,,,,,,r96,r96,r96,r96,r96,r96,,,,,,,,r96,,,,,,,,,,,,,,,,,,,,,,,,,,,,,,,,,,,,,,,,,,,,,,,,,,,,,,,1199,974,,,,,,,,,,
1189,,,,,,,,,,,,,,,,,,,,,,,,,,,s977,,,,,,,,,,,,,,,,,,,,,,,,,,,,,1200,,,,,,,,,,,,,,,,,,,,,,,,,,,,,,,,,,,,,,,,,
1190,,r98,r98,r98,r98,,r98,r98,,r98,r98,r98,,,,r98,,r98,r98,r98,r98,r98,r98,,r98,,r98,r98,r98,,r98,,,,,r98,,,r98,r98,,,,,,,,,,,,,,,,,,,,,,,,,,,,,,,,,,,,,,,,,,,,,,,,,,,,,,,,,
1191,,r97,r97,r97,r97,,r97,r97,,r97,r97,r97,,,,r97,,r97,r97,r97,r97,r97,r97,,r97,,r97,,r97,,r97,,,,,r97,,,r97,r97,,,,,,,,,,,,,,,,,,,,,,,,,,,,,,,,,,,,,,,,,,,,,,,,,,,,,,,,,
1192,,,,,r94,,,,,r94,,,,,,r94,,,,,,,,,r94,,r94,,r94,,,,,,,r94,,,r94,r94,,,,,,,,,,,,,,,,,,,,,,,,,,,,,,,,,,,,,,,,,,,,1201,,,,,,,,,,,,,
1193,,,,,,r99,,,,,,,,,,,,r96,r96,r96,r96,r96,r96,,,,r96,,,,,,,,,,,,,,,,,,,,,,,,,,,,,,,,,,,,,,,,,,,,,,,,,,,,,,,,,,,1202,1012,,,,,,,,,,
1194,,,,,s151,,,,,s145,,,,,,s155,,,,,,,,,s158,,s150,,s157,,,,,,,s161,,,s159,s156,,,,,,,160,154,1203,153,,,,,,143,,,,,,,,142,,,147,,,,,144,,148,146,,149,,152,,,,,,,,,,,,,,,,,,
1195,,,,,,,,,,,,,,,,,,,,,,,,,,,s1045,,,,,,,,,,,,,,,,,,,,,,,,,,,,,1204,,,,,,,,,,,,,,,,,,,,,,,,,,,,,,,,,,,,,,,,,
1196,,,,,,r99,,,,,,,,,,,,r96,r96,r96,r96,r96,r96,,,r96,,,,,,r96,,,,,,,,,,,,,,,,,,,,,,,,,,,,,,,,,,,,,,,,,,,,,,,,,,,,,,1205,1049,,,,,,,,,,
1197,,,,,,r99,,,,,,,,,,,,r96,r96,r96,r96,r96,r96,,,,,,,r96,,r96,,,,,,,,,,,,,,,,,,,,,,,,,,,,,,,,,,,,,,,,,,,,,,,,,,,,,,1206,1052,,,,,,,,,,
1198,r98,r98,r98,,,,,,,,,,,,,,,r98,r98,r98,r98,r98,r98,,,,,,,,,,,,,r98,,,,,r98,,,,,,,,,,,,,,,,,,,,,,,,,,,,,,,,,,,,,,,,,,,,,,,,,,,,,,,,
1199,,,,,,,,,,,,,,,,,,r98,r98,r98,r98,r98,r98,,,,,,,,r98,,,,,,,,,,,,,,,,,,,,,,,,,,,,,,,,,,,,,,,,,,,,,,,,,,,,,,,,,,,,,,,,,,
1200,,,,,,r99,,,,,,,,,,,,r96,r96,r96,r96,r96,r96,,,,,r96,,,r96,,,,,,,,,,,,,,,,,,,,,,,,,,,,,,,,,,,,,,,,,,,,,,,,,,,,,,,1207,1063,,,,,,,,,,
1201,,,,,s151,,,,,s145,,,,,,s155,,,,,,,,,s158,,s150,,s157,,,,,,,s161,,,s159,s156,,,,,,,160,154,1208,153,,,,,,143,,,,,,,,142,,,147,,,,,144,,148,146,,149,,152,,,,,,,,,,,,,,,,,,
1202,,,,,,,,,,,,,,,,,,r98,r98,r98,r98,r98,r98,,,,r98,,,,,,,,,,,,,,,,,,,,,,,,,,,,,,,,,,,,,,,,,,,,,,,,,,,,,,,,,,,,,,,,,,,,,,
1203,,,,,,,,,,,,,,,,,,s127,s128,s124,s126,s125,s121,,,,r95,,,,,,,,,,,,,,,,,,,,,,,,,,,,,,,,,,,,,,,,,,,,,,319,,,,,,,,,,,,1209,,,,,,,,,,,,
1204,,,,,,r99,,,,,,,,,,,,r96,r96,r96,r96,r96,r96,,,,,,,r96,,,,,,,,,,,,,,,,,,,,,,,,,,,,,,,,,,,,,,,,,,,,,,,,,,,,,,,,1210,1104,,,,,,,,,,
1205,,,,,,,,,,,,,,,,,,r98,r98,r98,r98,r98,r98,,,r98,,,,,,r98,,,,,,,,,,,,,,,,,,,,,,,,,,,,,,,,,,,,,,,,,,,,,,,,,,,,,,,,,,,,,,,,,
1206,,,,,,,,,,,,,,,,,,r98,r98,r98,r98,r98,r98,,,,,,,r98,,r98,,,,,,,,,,,,,,,,,,,,,,,,,,,,,,,,,,,,,,,,,,,,,,,,,,,,,,,,,,,,,,,,,
1207,,,,,,,,,,,,,,,,,,r98,r98,r98,r98,r98,r98,,,,,r98,,,r98,,,,,,,,,,,,,,,,,,,,,,,,,,,,,,,,,,,,,,,,,,,,,,,,,,,,,,,,,,,,,,,,,,
1208,,,,,,,,,,,,,,,,,,s127,s128,s124,s126,s125,s121,,,,r95,,,,,,,,,,,,,,,,,,,,,,,,,,,,,,,,,,,,,,,,,,,,,,319,,,,,,,,,,,,1211,,,,,,,,,,,,
1209,,,,,,,,,,,,,,,,,,,,,,,,,,,s1129,,,,,,,,,,,,,,,,,,,,,,,,,,,,,1212,,,,,,,,,,,,,,,,,,,,,,,,,,,,,,,,,,,,,,,,,
1210,,,,,,,,,,,,,,,,,,r98,r98,r98,r98,r98,r98,,,,,,,r98,,,,,,,,,,,,,,,,,,,,,,,,,,,,,,,,,,,,,,,,,,,,,,,,,,,,,,,,,,,,,,,,,,,
1211,,,,,,,,,,,,,,,,,,,,,,,,,,,s1149,,,,,,,,,,,,,,,,,,,,,,,,,,,,,1213,,,,,,,,,,,,,,,,,,,,,,,,,,,,,,,,,,,,,,,,,
1212,,,,,,r99,,,,,,,,,,,,r96,r96,r96,r96,r96,r96,,,,,,,,,,,,r96,,,,,,,,,,,,,,,,,,,,,,,,,,,,,,,,,,,,,,,,,,,,,,,,,,,1214,1155,,,,,,,,,,
1213,,r96,r96,r96,r96,r99,r96,r96,,r96,r96,r96,,,,r96,,r96,r96,r96,r96,r96,r96,,r96,,r96,,r96,,r96,,,,,r96,,,r96,r96,,,,,,,,,,,,,,,,,,,,,,,,,,,,,,,,,,,,,,,,,,,,,,1215,1167,,,,,,,,,,
1214,,,,,,,,,,,,,,,,,,r98,r98,r98,r98,r98,r98,,,,,,,,,,,,r98,,,,,,,,,,,,,,,,,,,,,,,,,,,,,,,,,,,,,,,,,,,,,,,,,,,,,,,,,,,,,,
1215,,r98,r98,r98,r98,,r98,r98,,r98,r98,r98,,,,r98,,r98,r98,r98,r98,r98,r98,,r98,,r98,,r98,,r98,,,,,r98,,,r98,r98,,,,,,,,,,,,,,,,,,,,,,,,,,,,,,,,,,,,,,,,,,,,,,,,,,,,,,,,,
